--
-- PostgreSQL database dump
--

\restrict L7YdbXlmlJd9wPe4yorlbLpSQ23oerULWpFZfab7ve3GawizW6HuENB4AGeywZ8

-- Dumped from database version 15.14 (Debian 15.14-1.pgdg13+1)
-- Dumped by pg_dump version 15.14 (Debian 15.14-1.pgdg13+1)

SET statement_timeout = 0;
SET lock_timeout = 0;
SET idle_in_transaction_session_timeout = 0;
SET client_encoding = 'UTF8';
SET standard_conforming_strings = on;
SELECT pg_catalog.set_config('search_path', '', false);
SET check_function_bodies = false;
SET xmloption = content;
SET client_min_messages = warning;
SET row_security = off;

SET default_tablespace = '';

SET default_table_access_method = heap;

--
-- Name: accounts_core_account; Type: TABLE; Schema: public; Owner: sdishan
--

CREATE TABLE public.accounts_core_account (
    id bigint NOT NULL,
    code character varying(32) NOT NULL,
    name character varying(200) NOT NULL,
    ac_type character varying(10) NOT NULL,
    normal_balance character varying(6) NOT NULL,
    is_active boolean NOT NULL,
    created_at timestamp with time zone NOT NULL,
    parent_id bigint,
    category_id bigint,
    company_id bigint NOT NULL,
    is_control_account boolean NOT NULL
);


ALTER TABLE public.accounts_core_account OWNER TO sdishan;

--
-- Name: accounts_core_account_id_seq; Type: SEQUENCE; Schema: public; Owner: sdishan
--

ALTER TABLE public.accounts_core_account ALTER COLUMN id ADD GENERATED BY DEFAULT AS IDENTITY (
    SEQUENCE NAME public.accounts_core_account_id_seq
    START WITH 1
    INCREMENT BY 1
    NO MINVALUE
    NO MAXVALUE
    CACHE 1
);


--
-- Name: accounts_core_accountbalancesnapshot; Type: TABLE; Schema: public; Owner: sdishan
--

CREATE TABLE public.accounts_core_accountbalancesnapshot (
    id bigint NOT NULL,
    snapshot_date date NOT NULL,
    debit_balance numeric(18,2) NOT NULL,
    credit_balance numeric(18,2) NOT NULL,
    account_id bigint NOT NULL,
    company_id bigint NOT NULL,
    CONSTRAINT ab_snap_non_negative_amounts CHECK (((debit_balance >= (0)::numeric) AND (credit_balance >= (0)::numeric)))
);


ALTER TABLE public.accounts_core_accountbalancesnapshot OWNER TO sdishan;

--
-- Name: accounts_core_accountbalancesnapshot_id_seq; Type: SEQUENCE; Schema: public; Owner: sdishan
--

ALTER TABLE public.accounts_core_accountbalancesnapshot ALTER COLUMN id ADD GENERATED BY DEFAULT AS IDENTITY (
    SEQUENCE NAME public.accounts_core_accountbalancesnapshot_id_seq
    START WITH 1
    INCREMENT BY 1
    NO MINVALUE
    NO MAXVALUE
    CACHE 1
);


--
-- Name: accounts_core_accountcategory; Type: TABLE; Schema: public; Owner: sdishan
--

CREATE TABLE public.accounts_core_accountcategory (
    id bigint NOT NULL,
    name character varying(100) NOT NULL,
    company_id bigint NOT NULL
);


ALTER TABLE public.accounts_core_accountcategory OWNER TO sdishan;

--
-- Name: accounts_core_accountcategory_id_seq; Type: SEQUENCE; Schema: public; Owner: sdishan
--

ALTER TABLE public.accounts_core_accountcategory ALTER COLUMN id ADD GENERATED BY DEFAULT AS IDENTITY (
    SEQUENCE NAME public.accounts_core_accountcategory_id_seq
    START WITH 1
    INCREMENT BY 1
    NO MINVALUE
    NO MAXVALUE
    CACHE 1
);


--
-- Name: accounts_core_auditlog; Type: TABLE; Schema: public; Owner: sdishan
--

CREATE TABLE public.accounts_core_auditlog (
    id bigint NOT NULL,
    action character varying(50) NOT NULL,
    object_type character varying(100) NOT NULL,
    object_id character varying(100) NOT NULL,
    changes jsonb,
    created_at timestamp with time zone NOT NULL,
    user_id bigint,
    company_id bigint
);


ALTER TABLE public.accounts_core_auditlog OWNER TO sdishan;

--
-- Name: accounts_core_auditlog_id_seq; Type: SEQUENCE; Schema: public; Owner: sdishan
--

ALTER TABLE public.accounts_core_auditlog ALTER COLUMN id ADD GENERATED BY DEFAULT AS IDENTITY (
    SEQUENCE NAME public.accounts_core_auditlog_id_seq
    START WITH 1
    INCREMENT BY 1
    NO MINVALUE
    NO MAXVALUE
    CACHE 1
);


--
-- Name: accounts_core_bankaccount; Type: TABLE; Schema: public; Owner: sdishan
--

CREATE TABLE public.accounts_core_bankaccount (
    id bigint NOT NULL,
    name character varying(200) NOT NULL,
    account_number_masked character varying(50),
    currency_code character varying(10) NOT NULL,
    last_reconciled_at date,
    company_id bigint NOT NULL
);


ALTER TABLE public.accounts_core_bankaccount OWNER TO sdishan;

--
-- Name: accounts_core_bankaccount_id_seq; Type: SEQUENCE; Schema: public; Owner: sdishan
--

ALTER TABLE public.accounts_core_bankaccount ALTER COLUMN id ADD GENERATED BY DEFAULT AS IDENTITY (
    SEQUENCE NAME public.accounts_core_bankaccount_id_seq
    START WITH 1
    INCREMENT BY 1
    NO MINVALUE
    NO MAXVALUE
    CACHE 1
);


--
-- Name: accounts_core_banktransaction; Type: TABLE; Schema: public; Owner: sdishan
--

CREATE TABLE public.accounts_core_banktransaction (
    id bigint NOT NULL,
    payment_date date NOT NULL,
    amount numeric(18,2) NOT NULL,
    currency_code character varying(10) NOT NULL,
    payment_method character varying(20) NOT NULL,
    reference character varying(200),
    bank_account_id bigint NOT NULL,
    company_id bigint NOT NULL,
    status character varying(20) NOT NULL,
    description text
);


ALTER TABLE public.accounts_core_banktransaction OWNER TO sdishan;

--
-- Name: accounts_core_banktransaction_id_seq; Type: SEQUENCE; Schema: public; Owner: sdishan
--

ALTER TABLE public.accounts_core_banktransaction ALTER COLUMN id ADD GENERATED BY DEFAULT AS IDENTITY (
    SEQUENCE NAME public.accounts_core_banktransaction_id_seq
    START WITH 1
    INCREMENT BY 1
    NO MINVALUE
    NO MAXVALUE
    CACHE 1
);


--
-- Name: accounts_core_banktransactionbill; Type: TABLE; Schema: public; Owner: sdishan
--

CREATE TABLE public.accounts_core_banktransactionbill (
    id bigint NOT NULL,
    applied_amount numeric(18,2) NOT NULL,
    bank_transaction_id bigint NOT NULL,
    bill_id bigint NOT NULL,
    company_id bigint NOT NULL,
    CONSTRAINT bt_bill_non_negative_amounts CHECK ((applied_amount >= (0)::numeric))
);


ALTER TABLE public.accounts_core_banktransactionbill OWNER TO sdishan;

--
-- Name: accounts_core_banktransactionbill_id_seq; Type: SEQUENCE; Schema: public; Owner: sdishan
--

ALTER TABLE public.accounts_core_banktransactionbill ALTER COLUMN id ADD GENERATED BY DEFAULT AS IDENTITY (
    SEQUENCE NAME public.accounts_core_banktransactionbill_id_seq
    START WITH 1
    INCREMENT BY 1
    NO MINVALUE
    NO MAXVALUE
    CACHE 1
);


--
-- Name: accounts_core_banktransactioninvoice; Type: TABLE; Schema: public; Owner: sdishan
--

CREATE TABLE public.accounts_core_banktransactioninvoice (
    id bigint NOT NULL,
    applied_amount numeric(18,2) NOT NULL,
    bank_transaction_id bigint NOT NULL,
    company_id bigint NOT NULL,
    invoice_id bigint NOT NULL,
    CONSTRAINT bt_inv_non_negative_amounts CHECK ((applied_amount >= (0)::numeric))
);


ALTER TABLE public.accounts_core_banktransactioninvoice OWNER TO sdishan;

--
-- Name: accounts_core_banktransactioninvoice_id_seq; Type: SEQUENCE; Schema: public; Owner: sdishan
--

ALTER TABLE public.accounts_core_banktransactioninvoice ALTER COLUMN id ADD GENERATED BY DEFAULT AS IDENTITY (
    SEQUENCE NAME public.accounts_core_banktransactioninvoice_id_seq
    START WITH 1
    INCREMENT BY 1
    NO MINVALUE
    NO MAXVALUE
    CACHE 1
);


--
-- Name: accounts_core_bill; Type: TABLE; Schema: public; Owner: sdishan
--

CREATE TABLE public.accounts_core_bill (
    id bigint NOT NULL,
    bill_number character varying(64),
    date date NOT NULL,
    due_date date,
    status character varying(20) NOT NULL,
    currency_code character varying(10) NOT NULL,
    total numeric(18,2) NOT NULL,
    outstanding_amount numeric(18,2) NOT NULL,
    company_id bigint NOT NULL,
    vendor_id bigint
);


ALTER TABLE public.accounts_core_bill OWNER TO sdishan;

--
-- Name: accounts_core_bill_id_seq; Type: SEQUENCE; Schema: public; Owner: sdishan
--

ALTER TABLE public.accounts_core_bill ALTER COLUMN id ADD GENERATED BY DEFAULT AS IDENTITY (
    SEQUENCE NAME public.accounts_core_bill_id_seq
    START WITH 1
    INCREMENT BY 1
    NO MINVALUE
    NO MAXVALUE
    CACHE 1
);


--
-- Name: accounts_core_billline; Type: TABLE; Schema: public; Owner: sdishan
--

CREATE TABLE public.accounts_core_billline (
    id bigint NOT NULL,
    description text,
    quantity numeric(14,4) NOT NULL,
    unit_price numeric(18,4) NOT NULL,
    line_total numeric(18,2) NOT NULL,
    account_id bigint,
    bill_id bigint NOT NULL,
    company_id bigint NOT NULL,
    item_id bigint,
    CONSTRAINT bl_non_negative_amounts CHECK (((quantity >= (0)::numeric) AND (unit_price >= (0)::numeric)))
);


ALTER TABLE public.accounts_core_billline OWNER TO sdishan;

--
-- Name: accounts_core_billline_id_seq; Type: SEQUENCE; Schema: public; Owner: sdishan
--

ALTER TABLE public.accounts_core_billline ALTER COLUMN id ADD GENERATED BY DEFAULT AS IDENTITY (
    SEQUENCE NAME public.accounts_core_billline_id_seq
    START WITH 1
    INCREMENT BY 1
    NO MINVALUE
    NO MAXVALUE
    CACHE 1
);


--
-- Name: accounts_core_company; Type: TABLE; Schema: public; Owner: sdishan
--

CREATE TABLE public.accounts_core_company (
    id bigint NOT NULL,
    name character varying(200) NOT NULL,
    slug character varying(80) NOT NULL,
    currency_code character varying(10) NOT NULL,
    created_at timestamp with time zone NOT NULL,
    owner_id bigint,
    default_currency_id character varying(3) NOT NULL
);


ALTER TABLE public.accounts_core_company OWNER TO sdishan;

--
-- Name: accounts_core_company_id_seq; Type: SEQUENCE; Schema: public; Owner: sdishan
--

ALTER TABLE public.accounts_core_company ALTER COLUMN id ADD GENERATED BY DEFAULT AS IDENTITY (
    SEQUENCE NAME public.accounts_core_company_id_seq
    START WITH 1
    INCREMENT BY 1
    NO MINVALUE
    NO MAXVALUE
    CACHE 1
);


--
-- Name: accounts_core_currency; Type: TABLE; Schema: public; Owner: sdishan
--

CREATE TABLE public.accounts_core_currency (
    code character varying(3) NOT NULL,
    name character varying(64) NOT NULL,
    symbol character varying(8),
    decimal_places smallint NOT NULL,
    CONSTRAINT accounts_core_currency_decimal_places_check CHECK ((decimal_places >= 0))
);


ALTER TABLE public.accounts_core_currency OWNER TO sdishan;

--
-- Name: accounts_core_customer; Type: TABLE; Schema: public; Owner: sdishan
--

CREATE TABLE public.accounts_core_customer (
    id bigint NOT NULL,
    name character varying(200) NOT NULL,
    contact_email character varying(254),
    payment_terms_days integer NOT NULL,
    company_id bigint NOT NULL,
    default_ar_account_id bigint
);


ALTER TABLE public.accounts_core_customer OWNER TO sdishan;

--
-- Name: accounts_core_customer_id_seq; Type: SEQUENCE; Schema: public; Owner: sdishan
--

ALTER TABLE public.accounts_core_customer ALTER COLUMN id ADD GENERATED BY DEFAULT AS IDENTITY (
    SEQUENCE NAME public.accounts_core_customer_id_seq
    START WITH 1
    INCREMENT BY 1
    NO MINVALUE
    NO MAXVALUE
    CACHE 1
);


--
-- Name: accounts_core_entitymembership; Type: TABLE; Schema: public; Owner: sdishan
--

CREATE TABLE public.accounts_core_entitymembership (
    id bigint NOT NULL,
    role character varying(20) NOT NULL,
    is_active boolean NOT NULL,
    created_at timestamp with time zone NOT NULL,
    company_id bigint NOT NULL,
    user_id bigint NOT NULL
);


ALTER TABLE public.accounts_core_entitymembership OWNER TO sdishan;

--
-- Name: accounts_core_entitymembership_id_seq; Type: SEQUENCE; Schema: public; Owner: sdishan
--

ALTER TABLE public.accounts_core_entitymembership ALTER COLUMN id ADD GENERATED BY DEFAULT AS IDENTITY (
    SEQUENCE NAME public.accounts_core_entitymembership_id_seq
    START WITH 1
    INCREMENT BY 1
    NO MINVALUE
    NO MAXVALUE
    CACHE 1
);


--
-- Name: accounts_core_fixedasset; Type: TABLE; Schema: public; Owner: sdishan
--

CREATE TABLE public.accounts_core_fixedasset (
    id bigint NOT NULL,
    asset_code character varying(80),
    description character varying(400) NOT NULL,
    purchase_date date,
    purchase_cost numeric(18,2) NOT NULL,
    useful_life_years integer,
    depreciation_method character varying(30) NOT NULL,
    accumulated_depreciation numeric(18,2) NOT NULL,
    company_id bigint NOT NULL,
    account_id bigint,
    status character varying(20) NOT NULL,
    vendor_id bigint
);


ALTER TABLE public.accounts_core_fixedasset OWNER TO sdishan;

--
-- Name: accounts_core_fixedasset_id_seq; Type: SEQUENCE; Schema: public; Owner: sdishan
--

ALTER TABLE public.accounts_core_fixedasset ALTER COLUMN id ADD GENERATED BY DEFAULT AS IDENTITY (
    SEQUENCE NAME public.accounts_core_fixedasset_id_seq
    START WITH 1
    INCREMENT BY 1
    NO MINVALUE
    NO MAXVALUE
    CACHE 1
);


--
-- Name: accounts_core_invoice; Type: TABLE; Schema: public; Owner: sdishan
--

CREATE TABLE public.accounts_core_invoice (
    id bigint NOT NULL,
    invoice_number character varying(64),
    date date NOT NULL,
    due_date date,
    status character varying(10) NOT NULL,
    currency_code character varying(10) NOT NULL,
    total numeric(18,2) NOT NULL,
    outstanding_amount numeric(18,2) NOT NULL,
    company_id bigint NOT NULL,
    customer_id bigint
);


ALTER TABLE public.accounts_core_invoice OWNER TO sdishan;

--
-- Name: accounts_core_invoice_id_seq; Type: SEQUENCE; Schema: public; Owner: sdishan
--

ALTER TABLE public.accounts_core_invoice ALTER COLUMN id ADD GENERATED BY DEFAULT AS IDENTITY (
    SEQUENCE NAME public.accounts_core_invoice_id_seq
    START WITH 1
    INCREMENT BY 1
    NO MINVALUE
    NO MAXVALUE
    CACHE 1
);


--
-- Name: accounts_core_invoiceline; Type: TABLE; Schema: public; Owner: sdishan
--

CREATE TABLE public.accounts_core_invoiceline (
    id bigint NOT NULL,
    description text,
    quantity numeric(14,4) NOT NULL,
    unit_price numeric(18,4) NOT NULL,
    line_total numeric(18,2) NOT NULL,
    account_id bigint,
    company_id bigint NOT NULL,
    invoice_id bigint NOT NULL,
    item_id bigint,
    CONSTRAINT invl_non_negative_amounts CHECK (((quantity >= (0)::numeric) AND (unit_price >= (0)::numeric)))
);


ALTER TABLE public.accounts_core_invoiceline OWNER TO sdishan;

--
-- Name: accounts_core_invoiceline_id_seq; Type: SEQUENCE; Schema: public; Owner: sdishan
--

ALTER TABLE public.accounts_core_invoiceline ALTER COLUMN id ADD GENERATED BY DEFAULT AS IDENTITY (
    SEQUENCE NAME public.accounts_core_invoiceline_id_seq
    START WITH 1
    INCREMENT BY 1
    NO MINVALUE
    NO MAXVALUE
    CACHE 1
);


--
-- Name: accounts_core_item; Type: TABLE; Schema: public; Owner: sdishan
--

CREATE TABLE public.accounts_core_item (
    id bigint NOT NULL,
    sku character varying(80),
    name character varying(200) NOT NULL,
    on_hand_quantity numeric(14,4) NOT NULL,
    company_id bigint NOT NULL,
    purchase_account_id bigint,
    sales_account_id bigint,
    default_unit_price numeric(18,4) NOT NULL
);


ALTER TABLE public.accounts_core_item OWNER TO sdishan;

--
-- Name: accounts_core_item_id_seq; Type: SEQUENCE; Schema: public; Owner: sdishan
--

ALTER TABLE public.accounts_core_item ALTER COLUMN id ADD GENERATED BY DEFAULT AS IDENTITY (
    SEQUENCE NAME public.accounts_core_item_id_seq
    START WITH 1
    INCREMENT BY 1
    NO MINVALUE
    NO MAXVALUE
    CACHE 1
);


--
-- Name: accounts_core_journalentry; Type: TABLE; Schema: public; Owner: sdishan
--

CREATE TABLE public.accounts_core_journalentry (
    id bigint NOT NULL,
    date date NOT NULL,
    reference character varying(200),
    description text,
    status character varying(10) NOT NULL,
    posted_at timestamp with time zone,
    source_type character varying(50),
    source_id bigint,
    company_id bigint NOT NULL,
    created_by_id bigint,
    period_id bigint,
    posting_fingerprint character varying(64)
);


ALTER TABLE public.accounts_core_journalentry OWNER TO sdishan;

--
-- Name: accounts_core_journalentry_id_seq; Type: SEQUENCE; Schema: public; Owner: sdishan
--

ALTER TABLE public.accounts_core_journalentry ALTER COLUMN id ADD GENERATED BY DEFAULT AS IDENTITY (
    SEQUENCE NAME public.accounts_core_journalentry_id_seq
    START WITH 1
    INCREMENT BY 1
    NO MINVALUE
    NO MAXVALUE
    CACHE 1
);


--
-- Name: accounts_core_journalline; Type: TABLE; Schema: public; Owner: sdishan
--

CREATE TABLE public.accounts_core_journalline (
    id bigint NOT NULL,
    description character varying(400),
    debit_original numeric(18,2) NOT NULL,
    credit_original numeric(18,2) NOT NULL,
    is_posted boolean NOT NULL,
    account_id bigint NOT NULL,
    bank_transaction_id bigint,
    bill_id bigint,
    company_id bigint NOT NULL,
    fixed_asset_id bigint,
    invoice_id bigint,
    journal_id bigint NOT NULL,
    credit_local numeric(18,2) NOT NULL,
    currency_id character varying(3) NOT NULL,
    debit_local numeric(18,2) NOT NULL,
    fx_rate numeric(18,6),
    CONSTRAINT debit_xor_credit_nonzero_local CHECK ((NOT ((debit_local = (0)::numeric) AND (credit_local = (0)::numeric)))),
    CONSTRAINT debit_xor_credit_nonzero_original CHECK ((NOT ((debit_original = (0)::numeric) AND (credit_original = (0)::numeric)))),
    CONSTRAINT fx_rate_null_or_positive CHECK (((fx_rate IS NULL) OR (fx_rate > (0)::numeric))),
    CONSTRAINT jl_non_negative_local_amounts CHECK (((debit_local >= (0)::numeric) AND (credit_local >= (0)::numeric))),
    CONSTRAINT jl_non_negative_original_amounts CHECK (((debit_original >= (0)::numeric) AND (credit_original >= (0)::numeric)))
);


ALTER TABLE public.accounts_core_journalline OWNER TO sdishan;

--
-- Name: accounts_core_journalline_id_seq; Type: SEQUENCE; Schema: public; Owner: sdishan
--

ALTER TABLE public.accounts_core_journalline ALTER COLUMN id ADD GENERATED BY DEFAULT AS IDENTITY (
    SEQUENCE NAME public.accounts_core_journalline_id_seq
    START WITH 1
    INCREMENT BY 1
    NO MINVALUE
    NO MAXVALUE
    CACHE 1
);


--
-- Name: accounts_core_period; Type: TABLE; Schema: public; Owner: sdishan
--

CREATE TABLE public.accounts_core_period (
    id bigint NOT NULL,
    name character varying(50) NOT NULL,
    start_date date NOT NULL,
    end_date date NOT NULL,
    is_closed boolean NOT NULL,
    company_id bigint NOT NULL
);


ALTER TABLE public.accounts_core_period OWNER TO sdishan;

--
-- Name: accounts_core_period_id_seq; Type: SEQUENCE; Schema: public; Owner: sdishan
--

ALTER TABLE public.accounts_core_period ALTER COLUMN id ADD GENERATED BY DEFAULT AS IDENTITY (
    SEQUENCE NAME public.accounts_core_period_id_seq
    START WITH 1
    INCREMENT BY 1
    NO MINVALUE
    NO MAXVALUE
    CACHE 1
);


--
-- Name: accounts_core_user; Type: TABLE; Schema: public; Owner: sdishan
--

CREATE TABLE public.accounts_core_user (
    id bigint NOT NULL,
    password character varying(128) NOT NULL,
    last_login timestamp with time zone,
    is_superuser boolean NOT NULL,
    username character varying(150) NOT NULL,
    first_name character varying(150) NOT NULL,
    last_name character varying(150) NOT NULL,
    email character varying(254) NOT NULL,
    is_staff boolean NOT NULL,
    is_active boolean NOT NULL,
    date_joined timestamp with time zone NOT NULL,
    phone character varying(32) NOT NULL,
    default_company_id bigint
);


ALTER TABLE public.accounts_core_user OWNER TO sdishan;

--
-- Name: accounts_core_user_groups; Type: TABLE; Schema: public; Owner: sdishan
--

CREATE TABLE public.accounts_core_user_groups (
    id bigint NOT NULL,
    user_id bigint NOT NULL,
    group_id integer NOT NULL
);


ALTER TABLE public.accounts_core_user_groups OWNER TO sdishan;

--
-- Name: accounts_core_user_groups_id_seq; Type: SEQUENCE; Schema: public; Owner: sdishan
--

ALTER TABLE public.accounts_core_user_groups ALTER COLUMN id ADD GENERATED BY DEFAULT AS IDENTITY (
    SEQUENCE NAME public.accounts_core_user_groups_id_seq
    START WITH 1
    INCREMENT BY 1
    NO MINVALUE
    NO MAXVALUE
    CACHE 1
);


--
-- Name: accounts_core_user_id_seq; Type: SEQUENCE; Schema: public; Owner: sdishan
--

ALTER TABLE public.accounts_core_user ALTER COLUMN id ADD GENERATED BY DEFAULT AS IDENTITY (
    SEQUENCE NAME public.accounts_core_user_id_seq
    START WITH 1
    INCREMENT BY 1
    NO MINVALUE
    NO MAXVALUE
    CACHE 1
);


--
-- Name: accounts_core_user_user_permissions; Type: TABLE; Schema: public; Owner: sdishan
--

CREATE TABLE public.accounts_core_user_user_permissions (
    id bigint NOT NULL,
    user_id bigint NOT NULL,
    permission_id integer NOT NULL
);


ALTER TABLE public.accounts_core_user_user_permissions OWNER TO sdishan;

--
-- Name: accounts_core_user_user_permissions_id_seq; Type: SEQUENCE; Schema: public; Owner: sdishan
--

ALTER TABLE public.accounts_core_user_user_permissions ALTER COLUMN id ADD GENERATED BY DEFAULT AS IDENTITY (
    SEQUENCE NAME public.accounts_core_user_user_permissions_id_seq
    START WITH 1
    INCREMENT BY 1
    NO MINVALUE
    NO MAXVALUE
    CACHE 1
);


--
-- Name: accounts_core_vendor; Type: TABLE; Schema: public; Owner: sdishan
--

CREATE TABLE public.accounts_core_vendor (
    id bigint NOT NULL,
    name character varying(200) NOT NULL,
    contact_email character varying(254),
    payment_terms_days integer NOT NULL,
    company_id bigint NOT NULL,
    default_ap_account_id bigint
);


ALTER TABLE public.accounts_core_vendor OWNER TO sdishan;

--
-- Name: accounts_core_vendor_id_seq; Type: SEQUENCE; Schema: public; Owner: sdishan
--

ALTER TABLE public.accounts_core_vendor ALTER COLUMN id ADD GENERATED BY DEFAULT AS IDENTITY (
    SEQUENCE NAME public.accounts_core_vendor_id_seq
    START WITH 1
    INCREMENT BY 1
    NO MINVALUE
    NO MAXVALUE
    CACHE 1
);


--
-- Name: auth_group; Type: TABLE; Schema: public; Owner: sdishan
--

CREATE TABLE public.auth_group (
    id integer NOT NULL,
    name character varying(150) NOT NULL
);


ALTER TABLE public.auth_group OWNER TO sdishan;

--
-- Name: auth_group_id_seq; Type: SEQUENCE; Schema: public; Owner: sdishan
--

ALTER TABLE public.auth_group ALTER COLUMN id ADD GENERATED BY DEFAULT AS IDENTITY (
    SEQUENCE NAME public.auth_group_id_seq
    START WITH 1
    INCREMENT BY 1
    NO MINVALUE
    NO MAXVALUE
    CACHE 1
);


--
-- Name: auth_group_permissions; Type: TABLE; Schema: public; Owner: sdishan
--

CREATE TABLE public.auth_group_permissions (
    id bigint NOT NULL,
    group_id integer NOT NULL,
    permission_id integer NOT NULL
);


ALTER TABLE public.auth_group_permissions OWNER TO sdishan;

--
-- Name: auth_group_permissions_id_seq; Type: SEQUENCE; Schema: public; Owner: sdishan
--

ALTER TABLE public.auth_group_permissions ALTER COLUMN id ADD GENERATED BY DEFAULT AS IDENTITY (
    SEQUENCE NAME public.auth_group_permissions_id_seq
    START WITH 1
    INCREMENT BY 1
    NO MINVALUE
    NO MAXVALUE
    CACHE 1
);


--
-- Name: auth_permission; Type: TABLE; Schema: public; Owner: sdishan
--

CREATE TABLE public.auth_permission (
    id integer NOT NULL,
    name character varying(255) NOT NULL,
    content_type_id integer NOT NULL,
    codename character varying(100) NOT NULL
);


ALTER TABLE public.auth_permission OWNER TO sdishan;

--
-- Name: auth_permission_id_seq; Type: SEQUENCE; Schema: public; Owner: sdishan
--

ALTER TABLE public.auth_permission ALTER COLUMN id ADD GENERATED BY DEFAULT AS IDENTITY (
    SEQUENCE NAME public.auth_permission_id_seq
    START WITH 1
    INCREMENT BY 1
    NO MINVALUE
    NO MAXVALUE
    CACHE 1
);


--
-- Name: django_admin_log; Type: TABLE; Schema: public; Owner: sdishan
--

CREATE TABLE public.django_admin_log (
    id integer NOT NULL,
    action_time timestamp with time zone NOT NULL,
    object_id text,
    object_repr character varying(200) NOT NULL,
    action_flag smallint NOT NULL,
    change_message text NOT NULL,
    content_type_id integer,
    user_id bigint NOT NULL,
    CONSTRAINT django_admin_log_action_flag_check CHECK ((action_flag >= 0))
);


ALTER TABLE public.django_admin_log OWNER TO sdishan;

--
-- Name: django_admin_log_id_seq; Type: SEQUENCE; Schema: public; Owner: sdishan
--

ALTER TABLE public.django_admin_log ALTER COLUMN id ADD GENERATED BY DEFAULT AS IDENTITY (
    SEQUENCE NAME public.django_admin_log_id_seq
    START WITH 1
    INCREMENT BY 1
    NO MINVALUE
    NO MAXVALUE
    CACHE 1
);


--
-- Name: django_content_type; Type: TABLE; Schema: public; Owner: sdishan
--

CREATE TABLE public.django_content_type (
    id integer NOT NULL,
    app_label character varying(100) NOT NULL,
    model character varying(100) NOT NULL
);


ALTER TABLE public.django_content_type OWNER TO sdishan;

--
-- Name: django_content_type_id_seq; Type: SEQUENCE; Schema: public; Owner: sdishan
--

ALTER TABLE public.django_content_type ALTER COLUMN id ADD GENERATED BY DEFAULT AS IDENTITY (
    SEQUENCE NAME public.django_content_type_id_seq
    START WITH 1
    INCREMENT BY 1
    NO MINVALUE
    NO MAXVALUE
    CACHE 1
);


--
-- Name: django_migrations; Type: TABLE; Schema: public; Owner: sdishan
--

CREATE TABLE public.django_migrations (
    id bigint NOT NULL,
    app character varying(255) NOT NULL,
    name character varying(255) NOT NULL,
    applied timestamp with time zone NOT NULL
);


ALTER TABLE public.django_migrations OWNER TO sdishan;

--
-- Name: django_migrations_id_seq; Type: SEQUENCE; Schema: public; Owner: sdishan
--

ALTER TABLE public.django_migrations ALTER COLUMN id ADD GENERATED BY DEFAULT AS IDENTITY (
    SEQUENCE NAME public.django_migrations_id_seq
    START WITH 1
    INCREMENT BY 1
    NO MINVALUE
    NO MAXVALUE
    CACHE 1
);


--
-- Name: django_session; Type: TABLE; Schema: public; Owner: sdishan
--

CREATE TABLE public.django_session (
    session_key character varying(40) NOT NULL,
    session_data text NOT NULL,
    expire_date timestamp with time zone NOT NULL
);


ALTER TABLE public.django_session OWNER TO sdishan;

--
-- Name: mv_trial_balance_running; Type: MATERIALIZED VIEW; Schema: public; Owner: sdishan
--

CREATE MATERIALIZED VIEW public.mv_trial_balance_running AS
 WITH jl_norm AS (
         SELECT jl.id,
            jl.description,
            jl.debit_original,
            jl.credit_original,
            jl.is_posted,
            jl.account_id,
            jl.bank_transaction_id,
            jl.bill_id,
            jl.company_id,
            jl.fixed_asset_id,
            jl.invoice_id,
            jl.journal_id,
            jl.credit_local,
            jl.currency_id,
            jl.debit_local,
            jl.fx_rate,
            COALESCE(jl.fx_rate, 1.0) AS fxr
           FROM (public.accounts_core_journalline jl
             JOIN public.accounts_core_journalentry je ON ((je.id = jl.journal_id)))
          WHERE ((je.status)::text = 'posted'::text)
        )
 SELECT jl_norm.company_id,
    a.id AS account_id,
    a.code AS account_code,
    a.name AS account_name,
    a.ac_type AS account_type,
    sum(jl_norm.debit_original) AS total_debit_to_date_original,
    sum(jl_norm.credit_original) AS total_credit_to_date_original,
    (sum(jl_norm.debit_original) - sum(jl_norm.credit_original)) AS balance_to_date_original,
    sum((jl_norm.debit_original * jl_norm.fxr)) AS total_debit_local,
    sum((jl_norm.credit_original * jl_norm.fxr)) AS total_credit_local,
    (sum((jl_norm.debit_original * jl_norm.fxr)) - sum((jl_norm.credit_original * jl_norm.fxr))) AS balance_to_date_local
   FROM (jl_norm
     JOIN public.accounts_core_account a ON ((a.id = jl_norm.account_id)))
  GROUP BY jl_norm.company_id, a.id, a.code, a.name, a.ac_type
  WITH NO DATA;


ALTER TABLE public.mv_trial_balance_running OWNER TO sdishan;

--
-- Name: mv_balance_sheet_running; Type: MATERIALIZED VIEW; Schema: public; Owner: sdishan
--

CREATE MATERIALIZED VIEW public.mv_balance_sheet_running AS
 SELECT t.company_id,
    t.account_id,
    t.account_code,
    t.account_name,
    t.account_type,
    t.balance_to_date_original,
    t.balance_to_date_local
   FROM public.mv_trial_balance_running t
  WHERE ((t.account_type)::text = ANY ((ARRAY['Asset'::character varying, 'Liability'::character varying, 'Equity'::character varying])::text[]))
  WITH NO DATA;


ALTER TABLE public.mv_balance_sheet_running OWNER TO sdishan;

--
-- Name: mv_jl_agg_period; Type: MATERIALIZED VIEW; Schema: public; Owner: sdishan
--

CREATE MATERIALIZED VIEW public.mv_jl_agg_period AS
 WITH jl_norm AS (
         SELECT jl.id,
            jl.description,
            jl.debit_original,
            jl.credit_original,
            jl.is_posted,
            jl.account_id,
            jl.bank_transaction_id,
            jl.bill_id,
            jl.company_id,
            jl.fixed_asset_id,
            jl.invoice_id,
            jl.journal_id,
            jl.credit_local,
            jl.currency_id,
            jl.debit_local,
            jl.fx_rate,
            je.period_id,
            je.date AS txn_date,
            COALESCE(jl.fx_rate, 1.0) AS fxr
           FROM (public.accounts_core_journalline jl
             JOIN public.accounts_core_journalentry je ON ((je.id = jl.journal_id)))
          WHERE ((je.status)::text = 'posted'::text)
        )
 SELECT jl_norm.company_id,
    jl_norm.period_id,
    max(jl_norm.txn_date) AS last_txn_date,
    a.id AS account_id,
    a.code AS account_code,
    a.name AS account_name,
    a.ac_type AS account_type,
    sum(jl_norm.debit_original) AS total_debit_original,
    sum(jl_norm.credit_original) AS total_credit_original,
    (sum(jl_norm.debit_original) - sum(jl_norm.credit_original)) AS net_amount_original,
    sum((jl_norm.debit_original * jl_norm.fxr)) AS total_debit_local,
    sum((jl_norm.credit_original * jl_norm.fxr)) AS total_credit_local,
    (sum((jl_norm.debit_original * jl_norm.fxr)) - sum((jl_norm.credit_original * jl_norm.fxr))) AS net_amount_local
   FROM (jl_norm
     JOIN public.accounts_core_account a ON ((a.id = jl_norm.account_id)))
  GROUP BY jl_norm.company_id, jl_norm.period_id, a.id, a.code, a.name, a.ac_type
  WITH NO DATA;


ALTER TABLE public.mv_jl_agg_period OWNER TO sdishan;

--
-- Name: mv_pl_period; Type: MATERIALIZED VIEW; Schema: public; Owner: sdishan
--

CREATE MATERIALIZED VIEW public.mv_pl_period AS
 SELECT m.company_id,
    m.period_id,
    sum(
        CASE
            WHEN ((m.account_type)::text = 'Income'::text) THEN m.net_amount_original
            ELSE (0)::numeric
        END) AS total_income_original,
    sum(
        CASE
            WHEN ((m.account_type)::text = 'Expense'::text) THEN m.net_amount_original
            ELSE (0)::numeric
        END) AS total_expense_original,
    (sum(
        CASE
            WHEN ((m.account_type)::text = 'Income'::text) THEN m.net_amount_original
            ELSE (0)::numeric
        END) - sum(
        CASE
            WHEN ((m.account_type)::text = 'Expense'::text) THEN m.net_amount_original
            ELSE (0)::numeric
        END)) AS net_profit_original,
    sum(
        CASE
            WHEN ((m.account_type)::text = 'Income'::text) THEN m.net_amount_local
            ELSE (0)::numeric
        END) AS total_income_local,
    sum(
        CASE
            WHEN ((m.account_type)::text = 'Expense'::text) THEN m.net_amount_local
            ELSE (0)::numeric
        END) AS total_expense_local,
    (sum(
        CASE
            WHEN ((m.account_type)::text = 'Income'::text) THEN m.net_amount_local
            ELSE (0)::numeric
        END) - sum(
        CASE
            WHEN ((m.account_type)::text = 'Expense'::text) THEN m.net_amount_local
            ELSE (0)::numeric
        END)) AS net_profit_local
   FROM public.mv_jl_agg_period m
  WHERE ((m.account_type)::text = ANY ((ARRAY['Income'::character varying, 'Expense'::character varying])::text[]))
  GROUP BY m.company_id, m.period_id
  WITH NO DATA;


ALTER TABLE public.mv_pl_period OWNER TO sdishan;

--
-- Name: mv_trial_balance_period; Type: MATERIALIZED VIEW; Schema: public; Owner: sdishan
--

CREATE MATERIALIZED VIEW public.mv_trial_balance_period AS
 SELECT m.company_id,
    m.period_id,
    m.account_id,
    m.account_code,
    m.account_name,
    m.account_type,
    sum(m.total_debit_original) AS period_debit_original,
    sum(m.total_credit_original) AS period_credit_original,
    sum(m.net_amount_original) AS period_balance_original,
    sum(m.total_debit_local) AS period_debit_local,
    sum(m.total_credit_local) AS period_credit_local,
    sum(m.net_amount_local) AS period_balance_local
   FROM public.mv_jl_agg_period m
  GROUP BY m.company_id, m.period_id, m.account_id, m.account_code, m.account_name, m.account_type
  WITH NO DATA;


ALTER TABLE public.mv_trial_balance_period OWNER TO sdishan;

--
-- Data for Name: accounts_core_account; Type: TABLE DATA; Schema: public; Owner: sdishan
--

COPY public.accounts_core_account (id, code, name, ac_type, normal_balance, is_active, created_at, parent_id, category_id, company_id, is_control_account) FROM stdin;
\.


--
-- Data for Name: accounts_core_accountbalancesnapshot; Type: TABLE DATA; Schema: public; Owner: sdishan
--

COPY public.accounts_core_accountbalancesnapshot (id, snapshot_date, debit_balance, credit_balance, account_id, company_id) FROM stdin;
\.


--
-- Data for Name: accounts_core_accountcategory; Type: TABLE DATA; Schema: public; Owner: sdishan
--

COPY public.accounts_core_accountcategory (id, name, company_id) FROM stdin;
\.


--
-- Data for Name: accounts_core_auditlog; Type: TABLE DATA; Schema: public; Owner: sdishan
--

COPY public.accounts_core_auditlog (id, action, object_type, object_id, changes, created_at, user_id, company_id) FROM stdin;
\.


--
-- Data for Name: accounts_core_bankaccount; Type: TABLE DATA; Schema: public; Owner: sdishan
--

COPY public.accounts_core_bankaccount (id, name, account_number_masked, currency_code, last_reconciled_at, company_id) FROM stdin;
\.


--
-- Data for Name: accounts_core_banktransaction; Type: TABLE DATA; Schema: public; Owner: sdishan
--

COPY public.accounts_core_banktransaction (id, payment_date, amount, currency_code, payment_method, reference, bank_account_id, company_id, status, description) FROM stdin;
\.


--
-- Data for Name: accounts_core_banktransactionbill; Type: TABLE DATA; Schema: public; Owner: sdishan
--

COPY public.accounts_core_banktransactionbill (id, applied_amount, bank_transaction_id, bill_id, company_id) FROM stdin;
\.


--
-- Data for Name: accounts_core_banktransactioninvoice; Type: TABLE DATA; Schema: public; Owner: sdishan
--

COPY public.accounts_core_banktransactioninvoice (id, applied_amount, bank_transaction_id, company_id, invoice_id) FROM stdin;
\.


--
-- Data for Name: accounts_core_bill; Type: TABLE DATA; Schema: public; Owner: sdishan
--

COPY public.accounts_core_bill (id, bill_number, date, due_date, status, currency_code, total, outstanding_amount, company_id, vendor_id) FROM stdin;
\.


--
-- Data for Name: accounts_core_billline; Type: TABLE DATA; Schema: public; Owner: sdishan
--

COPY public.accounts_core_billline (id, description, quantity, unit_price, line_total, account_id, bill_id, company_id, item_id) FROM stdin;
\.


--
-- Data for Name: accounts_core_company; Type: TABLE DATA; Schema: public; Owner: sdishan
--

COPY public.accounts_core_company (id, name, slug, currency_code, created_at, owner_id, default_currency_id) FROM stdin;
\.


--
-- Data for Name: accounts_core_currency; Type: TABLE DATA; Schema: public; Owner: sdishan
--

COPY public.accounts_core_currency (code, name, symbol, decimal_places) FROM stdin;
\.


--
-- Data for Name: accounts_core_customer; Type: TABLE DATA; Schema: public; Owner: sdishan
--

COPY public.accounts_core_customer (id, name, contact_email, payment_terms_days, company_id, default_ar_account_id) FROM stdin;
\.


--
-- Data for Name: accounts_core_entitymembership; Type: TABLE DATA; Schema: public; Owner: sdishan
--

COPY public.accounts_core_entitymembership (id, role, is_active, created_at, company_id, user_id) FROM stdin;
\.


--
-- Data for Name: accounts_core_fixedasset; Type: TABLE DATA; Schema: public; Owner: sdishan
--

COPY public.accounts_core_fixedasset (id, asset_code, description, purchase_date, purchase_cost, useful_life_years, depreciation_method, accumulated_depreciation, company_id, account_id, status, vendor_id) FROM stdin;
\.


--
-- Data for Name: accounts_core_invoice; Type: TABLE DATA; Schema: public; Owner: sdishan
--

COPY public.accounts_core_invoice (id, invoice_number, date, due_date, status, currency_code, total, outstanding_amount, company_id, customer_id) FROM stdin;
\.


--
-- Data for Name: accounts_core_invoiceline; Type: TABLE DATA; Schema: public; Owner: sdishan
--

COPY public.accounts_core_invoiceline (id, description, quantity, unit_price, line_total, account_id, company_id, invoice_id, item_id) FROM stdin;
\.


--
-- Data for Name: accounts_core_item; Type: TABLE DATA; Schema: public; Owner: sdishan
--

COPY public.accounts_core_item (id, sku, name, on_hand_quantity, company_id, purchase_account_id, sales_account_id, default_unit_price) FROM stdin;
\.


--
-- Data for Name: accounts_core_journalentry; Type: TABLE DATA; Schema: public; Owner: sdishan
--

COPY public.accounts_core_journalentry (id, date, reference, description, status, posted_at, source_type, source_id, company_id, created_by_id, period_id, posting_fingerprint) FROM stdin;
\.


--
-- Data for Name: accounts_core_journalline; Type: TABLE DATA; Schema: public; Owner: sdishan
--

COPY public.accounts_core_journalline (id, description, debit_original, credit_original, is_posted, account_id, bank_transaction_id, bill_id, company_id, fixed_asset_id, invoice_id, journal_id, credit_local, currency_id, debit_local, fx_rate) FROM stdin;
\.


--
-- Data for Name: accounts_core_period; Type: TABLE DATA; Schema: public; Owner: sdishan
--

COPY public.accounts_core_period (id, name, start_date, end_date, is_closed, company_id) FROM stdin;
\.


--
-- Data for Name: accounts_core_user; Type: TABLE DATA; Schema: public; Owner: sdishan
--

COPY public.accounts_core_user (id, password, last_login, is_superuser, username, first_name, last_name, email, is_staff, is_active, date_joined, phone, default_company_id) FROM stdin;
\.


--
-- Data for Name: accounts_core_user_groups; Type: TABLE DATA; Schema: public; Owner: sdishan
--

COPY public.accounts_core_user_groups (id, user_id, group_id) FROM stdin;
\.


--
-- Data for Name: accounts_core_user_user_permissions; Type: TABLE DATA; Schema: public; Owner: sdishan
--

COPY public.accounts_core_user_user_permissions (id, user_id, permission_id) FROM stdin;
\.


--
-- Data for Name: accounts_core_vendor; Type: TABLE DATA; Schema: public; Owner: sdishan
--

COPY public.accounts_core_vendor (id, name, contact_email, payment_terms_days, company_id, default_ap_account_id) FROM stdin;
\.


--
-- Data for Name: auth_group; Type: TABLE DATA; Schema: public; Owner: sdishan
--

COPY public.auth_group (id, name) FROM stdin;
\.


--
-- Data for Name: auth_group_permissions; Type: TABLE DATA; Schema: public; Owner: sdishan
--

COPY public.auth_group_permissions (id, group_id, permission_id) FROM stdin;
\.


--
-- Data for Name: auth_permission; Type: TABLE DATA; Schema: public; Owner: sdishan
--

COPY public.auth_permission (id, name, content_type_id, codename) FROM stdin;
1	Can add log entry	1	add_logentry
2	Can change log entry	1	change_logentry
3	Can delete log entry	1	delete_logentry
4	Can view log entry	1	view_logentry
5	Can add permission	2	add_permission
6	Can change permission	2	change_permission
7	Can delete permission	2	delete_permission
8	Can view permission	2	view_permission
9	Can add group	3	add_group
10	Can change group	3	change_group
11	Can delete group	3	delete_group
12	Can view group	3	view_group
13	Can add content type	4	add_contenttype
14	Can change content type	4	change_contenttype
15	Can delete content type	4	delete_contenttype
16	Can view content type	4	view_contenttype
17	Can add session	5	add_session
18	Can change session	5	change_session
19	Can delete session	5	delete_session
20	Can view session	5	view_session
21	Can add account category	6	add_accountcategory
22	Can change account category	6	change_accountcategory
23	Can delete account category	6	delete_accountcategory
24	Can view account category	6	view_accountcategory
25	Can add bank account	7	add_bankaccount
26	Can change bank account	7	change_bankaccount
27	Can delete bank account	7	delete_bankaccount
28	Can view bank account	7	view_bankaccount
29	Can add currency	8	add_currency
30	Can change currency	8	change_currency
31	Can delete currency	8	delete_currency
32	Can view currency	8	view_currency
33	Can add user	9	add_user
34	Can change user	9	change_user
35	Can delete user	9	delete_user
36	Can view user	9	view_user
37	Can add account	10	add_account
38	Can change account	10	change_account
39	Can delete account	10	delete_account
40	Can view account	10	view_account
41	Can add company	11	add_company
42	Can change company	11	change_company
43	Can delete company	11	delete_company
44	Can view company	11	view_company
45	Can add bill	12	add_bill
46	Can change bill	12	change_bill
47	Can delete bill	12	delete_bill
48	Can view bill	12	view_bill
49	Can add bank transaction	13	add_banktransaction
50	Can change bank transaction	13	change_banktransaction
51	Can delete bank transaction	13	delete_banktransaction
52	Can view bank transaction	13	view_banktransaction
53	Can add audit log	14	add_auditlog
54	Can change audit log	14	change_auditlog
55	Can delete audit log	14	delete_auditlog
56	Can view audit log	14	view_auditlog
57	Can add account balance snapshot	15	add_accountbalancesnapshot
58	Can change account balance snapshot	15	change_accountbalancesnapshot
59	Can delete account balance snapshot	15	delete_accountbalancesnapshot
60	Can view account balance snapshot	15	view_accountbalancesnapshot
61	Can add customer	16	add_customer
62	Can change customer	16	change_customer
63	Can delete customer	16	delete_customer
64	Can view customer	16	view_customer
65	Can add entity membership	17	add_entitymembership
66	Can change entity membership	17	change_entitymembership
67	Can delete entity membership	17	delete_entitymembership
68	Can view entity membership	17	view_entitymembership
69	Can add fixed asset	18	add_fixedasset
70	Can change fixed asset	18	change_fixedasset
71	Can delete fixed asset	18	delete_fixedasset
72	Can view fixed asset	18	view_fixedasset
73	Can add invoice	19	add_invoice
74	Can change invoice	19	change_invoice
75	Can delete invoice	19	delete_invoice
76	Can view invoice	19	view_invoice
77	Can add bank transaction invoice	20	add_banktransactioninvoice
78	Can change bank transaction invoice	20	change_banktransactioninvoice
79	Can delete bank transaction invoice	20	delete_banktransactioninvoice
80	Can view bank transaction invoice	20	view_banktransactioninvoice
81	Can add item	21	add_item
82	Can change item	21	change_item
83	Can delete item	21	delete_item
84	Can view item	21	view_item
85	Can add invoice line	22	add_invoiceline
86	Can change invoice line	22	change_invoiceline
87	Can delete invoice line	22	delete_invoiceline
88	Can view invoice line	22	view_invoiceline
89	Can add bill line	23	add_billline
90	Can change bill line	23	change_billline
91	Can delete bill line	23	delete_billline
92	Can view bill line	23	view_billline
93	Can add journal entry	24	add_journalentry
94	Can change journal entry	24	change_journalentry
95	Can delete journal entry	24	delete_journalentry
96	Can view journal entry	24	view_journalentry
97	Can add journal line	25	add_journalline
98	Can change journal line	25	change_journalline
99	Can delete journal line	25	delete_journalline
100	Can view journal line	25	view_journalline
101	Can add period	26	add_period
102	Can change period	26	change_period
103	Can delete period	26	delete_period
104	Can view period	26	view_period
105	Can add vendor	27	add_vendor
106	Can change vendor	27	change_vendor
107	Can delete vendor	27	delete_vendor
108	Can view vendor	27	view_vendor
109	Can add bank transaction bill	28	add_banktransactionbill
110	Can change bank transaction bill	28	change_banktransactionbill
111	Can delete bank transaction bill	28	delete_banktransactionbill
112	Can view bank transaction bill	28	view_banktransactionbill
113	Can add Balance Sheet Running	29	add_balancesheetrunning
114	Can change Balance Sheet Running	29	change_balancesheetrunning
115	Can delete Balance Sheet Running	29	delete_balancesheetrunning
116	Can view Balance Sheet Running	29	view_balancesheetrunning
117	Can add Journal Line Period Aggregate	30	add_journallineaggperiod
118	Can change Journal Line Period Aggregate	30	change_journallineaggperiod
119	Can delete Journal Line Period Aggregate	30	delete_journallineaggperiod
120	Can view Journal Line Period Aggregate	30	view_journallineaggperiod
121	Can add Profit & Loss Period	31	add_profitlossperiod
122	Can change Profit & Loss Period	31	change_profitlossperiod
123	Can delete Profit & Loss Period	31	delete_profitlossperiod
124	Can view Profit & Loss Period	31	view_profitlossperiod
125	Can add Trial Balance Period	32	add_trialbalanceperiod
126	Can change Trial Balance Period	32	change_trialbalanceperiod
127	Can delete Trial Balance Period	32	delete_trialbalanceperiod
128	Can view Trial Balance Period	32	view_trialbalanceperiod
129	Can add Trial Balance Running	33	add_trialbalancerunning
130	Can change Trial Balance Running	33	change_trialbalancerunning
131	Can delete Trial Balance Running	33	delete_trialbalancerunning
132	Can view Trial Balance Running	33	view_trialbalancerunning
\.


--
-- Data for Name: django_admin_log; Type: TABLE DATA; Schema: public; Owner: sdishan
--

COPY public.django_admin_log (id, action_time, object_id, object_repr, action_flag, change_message, content_type_id, user_id) FROM stdin;
\.


--
-- Data for Name: django_content_type; Type: TABLE DATA; Schema: public; Owner: sdishan
--

COPY public.django_content_type (id, app_label, model) FROM stdin;
1	admin	logentry
2	auth	permission
3	auth	group
4	contenttypes	contenttype
5	sessions	session
6	accounts_core	accountcategory
7	accounts_core	bankaccount
8	accounts_core	currency
9	accounts_core	user
10	accounts_core	account
11	accounts_core	company
12	accounts_core	bill
13	accounts_core	banktransaction
14	accounts_core	auditlog
15	accounts_core	accountbalancesnapshot
16	accounts_core	customer
17	accounts_core	entitymembership
18	accounts_core	fixedasset
19	accounts_core	invoice
20	accounts_core	banktransactioninvoice
21	accounts_core	item
22	accounts_core	invoiceline
23	accounts_core	billline
24	accounts_core	journalentry
25	accounts_core	journalline
26	accounts_core	period
27	accounts_core	vendor
28	accounts_core	banktransactionbill
29	accounts_core	balancesheetrunning
30	accounts_core	journallineaggperiod
31	accounts_core	profitlossperiod
32	accounts_core	trialbalanceperiod
33	accounts_core	trialbalancerunning
\.


--
-- Data for Name: django_migrations; Type: TABLE DATA; Schema: public; Owner: sdishan
--

COPY public.django_migrations (id, app, name, applied) FROM stdin;
1	contenttypes	0001_initial	2025-09-19 13:59:47.957987+00
2	contenttypes	0002_remove_content_type_name	2025-09-19 13:59:47.98516+00
3	auth	0001_initial	2025-09-19 13:59:48.307774+00
4	auth	0002_alter_permission_name_max_length	2025-09-19 13:59:48.338771+00
5	auth	0003_alter_user_email_max_length	2025-09-19 13:59:48.362423+00
6	auth	0004_alter_user_username_opts	2025-09-19 13:59:48.383518+00
7	auth	0005_alter_user_last_login_null	2025-09-19 13:59:48.403932+00
8	auth	0006_require_contenttypes_0002	2025-09-19 13:59:48.419051+00
9	auth	0007_alter_validators_add_error_messages	2025-09-19 13:59:48.435371+00
10	auth	0008_alter_user_username_max_length	2025-09-19 13:59:48.459094+00
11	auth	0009_alter_user_last_name_max_length	2025-09-19 13:59:48.477018+00
12	auth	0010_alter_group_name_max_length	2025-09-19 13:59:48.501819+00
13	auth	0011_update_proxy_permissions	2025-09-19 13:59:48.520438+00
14	auth	0012_alter_user_first_name_max_length	2025-09-19 13:59:48.54185+00
15	accounts_core	0001_initial	2025-09-19 13:59:54.083588+00
16	accounts_core	0002_alter_account_managers_and_more	2025-09-19 13:59:54.853332+00
17	accounts_core	0003_alter_invoiceline_invoice	2025-09-19 13:59:54.99508+00
18	accounts_core	0004_banktransaction_status	2025-09-19 13:59:55.073593+00
19	accounts_core	0005_account_is_control_account_fixedasset_account_and_more	2025-09-19 13:59:55.378781+00
20	accounts_core	0006_alter_user_options_and_more	2025-09-19 13:59:56.680126+00
21	accounts_core	0007_remove_journalline_jl_non_negative_amounts_and_more	2025-09-19 13:59:57.271392+00
22	accounts_core	0008_mv_jl_agg_period	2025-09-19 13:59:57.387956+00
23	accounts_core	0009_mv_trial_balance_running	2025-09-19 13:59:57.467151+00
24	accounts_core	0010_update_mv_jl_agg_period	2025-09-19 13:59:57.576046+00
25	accounts_core	0011_mv_trial_balance_period	2025-09-19 13:59:57.637985+00
26	accounts_core	0012_update_mv_trial_balance_running	2025-09-19 13:59:57.709125+00
27	accounts_core	0013_mv_pl_period	2025-09-19 13:59:57.79256+00
28	accounts_core	0014_mv_balance_sheet_running	2025-09-19 13:59:57.855429+00
29	accounts_core	0015_backfill_journalline_currency	2025-09-19 13:59:57.921893+00
30	accounts_core	0016_balancesheetrunning_journallineaggperiod_and_more	2025-09-19 13:59:58.134085+00
31	accounts_core	0017_item_default_unit_price	2025-09-19 13:59:58.196996+00
32	accounts_core	0018_banktransaction_description_alter_billline_bill	2025-09-19 13:59:58.321764+00
33	admin	0001_initial	2025-09-19 13:59:58.497098+00
34	admin	0002_logentry_remove_auto_add	2025-09-19 13:59:58.525571+00
35	admin	0003_logentry_add_action_flag_choices	2025-09-19 13:59:58.554016+00
36	sessions	0001_initial	2025-09-19 13:59:58.688615+00
\.


--
-- Data for Name: django_session; Type: TABLE DATA; Schema: public; Owner: sdishan
--

COPY public.django_session (session_key, session_data, expire_date) FROM stdin;
\.


--
-- Name: accounts_core_account_id_seq; Type: SEQUENCE SET; Schema: public; Owner: sdishan
--

SELECT pg_catalog.setval('public.accounts_core_account_id_seq', 1, false);


--
-- Name: accounts_core_accountbalancesnapshot_id_seq; Type: SEQUENCE SET; Schema: public; Owner: sdishan
--

SELECT pg_catalog.setval('public.accounts_core_accountbalancesnapshot_id_seq', 1, false);


--
-- Name: accounts_core_accountcategory_id_seq; Type: SEQUENCE SET; Schema: public; Owner: sdishan
--

SELECT pg_catalog.setval('public.accounts_core_accountcategory_id_seq', 1, false);


--
-- Name: accounts_core_auditlog_id_seq; Type: SEQUENCE SET; Schema: public; Owner: sdishan
--

SELECT pg_catalog.setval('public.accounts_core_auditlog_id_seq', 1, false);


--
-- Name: accounts_core_bankaccount_id_seq; Type: SEQUENCE SET; Schema: public; Owner: sdishan
--

SELECT pg_catalog.setval('public.accounts_core_bankaccount_id_seq', 1, false);


--
-- Name: accounts_core_banktransaction_id_seq; Type: SEQUENCE SET; Schema: public; Owner: sdishan
--

SELECT pg_catalog.setval('public.accounts_core_banktransaction_id_seq', 1, false);


--
-- Name: accounts_core_banktransactionbill_id_seq; Type: SEQUENCE SET; Schema: public; Owner: sdishan
--

SELECT pg_catalog.setval('public.accounts_core_banktransactionbill_id_seq', 1, false);


--
-- Name: accounts_core_banktransactioninvoice_id_seq; Type: SEQUENCE SET; Schema: public; Owner: sdishan
--

SELECT pg_catalog.setval('public.accounts_core_banktransactioninvoice_id_seq', 1, false);


--
-- Name: accounts_core_bill_id_seq; Type: SEQUENCE SET; Schema: public; Owner: sdishan
--

SELECT pg_catalog.setval('public.accounts_core_bill_id_seq', 1, false);


--
-- Name: accounts_core_billline_id_seq; Type: SEQUENCE SET; Schema: public; Owner: sdishan
--

SELECT pg_catalog.setval('public.accounts_core_billline_id_seq', 1, false);


--
-- Name: accounts_core_company_id_seq; Type: SEQUENCE SET; Schema: public; Owner: sdishan
--

SELECT pg_catalog.setval('public.accounts_core_company_id_seq', 1, false);


--
-- Name: accounts_core_customer_id_seq; Type: SEQUENCE SET; Schema: public; Owner: sdishan
--

SELECT pg_catalog.setval('public.accounts_core_customer_id_seq', 1, false);


--
-- Name: accounts_core_entitymembership_id_seq; Type: SEQUENCE SET; Schema: public; Owner: sdishan
--

SELECT pg_catalog.setval('public.accounts_core_entitymembership_id_seq', 1, false);


--
-- Name: accounts_core_fixedasset_id_seq; Type: SEQUENCE SET; Schema: public; Owner: sdishan
--

SELECT pg_catalog.setval('public.accounts_core_fixedasset_id_seq', 1, false);


--
-- Name: accounts_core_invoice_id_seq; Type: SEQUENCE SET; Schema: public; Owner: sdishan
--

SELECT pg_catalog.setval('public.accounts_core_invoice_id_seq', 1, false);


--
-- Name: accounts_core_invoiceline_id_seq; Type: SEQUENCE SET; Schema: public; Owner: sdishan
--

SELECT pg_catalog.setval('public.accounts_core_invoiceline_id_seq', 1, false);


--
-- Name: accounts_core_item_id_seq; Type: SEQUENCE SET; Schema: public; Owner: sdishan
--

SELECT pg_catalog.setval('public.accounts_core_item_id_seq', 1, false);


--
-- Name: accounts_core_journalentry_id_seq; Type: SEQUENCE SET; Schema: public; Owner: sdishan
--

SELECT pg_catalog.setval('public.accounts_core_journalentry_id_seq', 1, false);


--
-- Name: accounts_core_journalline_id_seq; Type: SEQUENCE SET; Schema: public; Owner: sdishan
--

SELECT pg_catalog.setval('public.accounts_core_journalline_id_seq', 1, false);


--
-- Name: accounts_core_period_id_seq; Type: SEQUENCE SET; Schema: public; Owner: sdishan
--

SELECT pg_catalog.setval('public.accounts_core_period_id_seq', 1, false);


--
-- Name: accounts_core_user_groups_id_seq; Type: SEQUENCE SET; Schema: public; Owner: sdishan
--

SELECT pg_catalog.setval('public.accounts_core_user_groups_id_seq', 1, false);


--
-- Name: accounts_core_user_id_seq; Type: SEQUENCE SET; Schema: public; Owner: sdishan
--

SELECT pg_catalog.setval('public.accounts_core_user_id_seq', 1, false);


--
-- Name: accounts_core_user_user_permissions_id_seq; Type: SEQUENCE SET; Schema: public; Owner: sdishan
--

SELECT pg_catalog.setval('public.accounts_core_user_user_permissions_id_seq', 1, false);


--
-- Name: accounts_core_vendor_id_seq; Type: SEQUENCE SET; Schema: public; Owner: sdishan
--

SELECT pg_catalog.setval('public.accounts_core_vendor_id_seq', 1, false);


--
-- Name: auth_group_id_seq; Type: SEQUENCE SET; Schema: public; Owner: sdishan
--

SELECT pg_catalog.setval('public.auth_group_id_seq', 1, false);


--
-- Name: auth_group_permissions_id_seq; Type: SEQUENCE SET; Schema: public; Owner: sdishan
--

SELECT pg_catalog.setval('public.auth_group_permissions_id_seq', 1, false);


--
-- Name: auth_permission_id_seq; Type: SEQUENCE SET; Schema: public; Owner: sdishan
--

SELECT pg_catalog.setval('public.auth_permission_id_seq', 132, true);


--
-- Name: django_admin_log_id_seq; Type: SEQUENCE SET; Schema: public; Owner: sdishan
--

SELECT pg_catalog.setval('public.django_admin_log_id_seq', 1, false);


--
-- Name: django_content_type_id_seq; Type: SEQUENCE SET; Schema: public; Owner: sdishan
--

SELECT pg_catalog.setval('public.django_content_type_id_seq', 33, true);


--
-- Name: django_migrations_id_seq; Type: SEQUENCE SET; Schema: public; Owner: sdishan
--

SELECT pg_catalog.setval('public.django_migrations_id_seq', 36, true);


--
-- Name: accounts_core_account accounts_core_account_pkey; Type: CONSTRAINT; Schema: public; Owner: sdishan
--

ALTER TABLE ONLY public.accounts_core_account
    ADD CONSTRAINT accounts_core_account_pkey PRIMARY KEY (id);


--
-- Name: accounts_core_accountbalancesnapshot accounts_core_accountbalancesnapshot_pkey; Type: CONSTRAINT; Schema: public; Owner: sdishan
--

ALTER TABLE ONLY public.accounts_core_accountbalancesnapshot
    ADD CONSTRAINT accounts_core_accountbalancesnapshot_pkey PRIMARY KEY (id);


--
-- Name: accounts_core_accountcategory accounts_core_accountcategory_pkey; Type: CONSTRAINT; Schema: public; Owner: sdishan
--

ALTER TABLE ONLY public.accounts_core_accountcategory
    ADD CONSTRAINT accounts_core_accountcategory_pkey PRIMARY KEY (id);


--
-- Name: accounts_core_auditlog accounts_core_auditlog_pkey; Type: CONSTRAINT; Schema: public; Owner: sdishan
--

ALTER TABLE ONLY public.accounts_core_auditlog
    ADD CONSTRAINT accounts_core_auditlog_pkey PRIMARY KEY (id);


--
-- Name: accounts_core_bankaccount accounts_core_bankaccount_pkey; Type: CONSTRAINT; Schema: public; Owner: sdishan
--

ALTER TABLE ONLY public.accounts_core_bankaccount
    ADD CONSTRAINT accounts_core_bankaccount_pkey PRIMARY KEY (id);


--
-- Name: accounts_core_banktransaction accounts_core_banktransaction_pkey; Type: CONSTRAINT; Schema: public; Owner: sdishan
--

ALTER TABLE ONLY public.accounts_core_banktransaction
    ADD CONSTRAINT accounts_core_banktransaction_pkey PRIMARY KEY (id);


--
-- Name: accounts_core_banktransactionbill accounts_core_banktransactionbill_pkey; Type: CONSTRAINT; Schema: public; Owner: sdishan
--

ALTER TABLE ONLY public.accounts_core_banktransactionbill
    ADD CONSTRAINT accounts_core_banktransactionbill_pkey PRIMARY KEY (id);


--
-- Name: accounts_core_banktransactioninvoice accounts_core_banktransactioninvoice_pkey; Type: CONSTRAINT; Schema: public; Owner: sdishan
--

ALTER TABLE ONLY public.accounts_core_banktransactioninvoice
    ADD CONSTRAINT accounts_core_banktransactioninvoice_pkey PRIMARY KEY (id);


--
-- Name: accounts_core_bill accounts_core_bill_pkey; Type: CONSTRAINT; Schema: public; Owner: sdishan
--

ALTER TABLE ONLY public.accounts_core_bill
    ADD CONSTRAINT accounts_core_bill_pkey PRIMARY KEY (id);


--
-- Name: accounts_core_billline accounts_core_billline_pkey; Type: CONSTRAINT; Schema: public; Owner: sdishan
--

ALTER TABLE ONLY public.accounts_core_billline
    ADD CONSTRAINT accounts_core_billline_pkey PRIMARY KEY (id);


--
-- Name: accounts_core_company accounts_core_company_pkey; Type: CONSTRAINT; Schema: public; Owner: sdishan
--

ALTER TABLE ONLY public.accounts_core_company
    ADD CONSTRAINT accounts_core_company_pkey PRIMARY KEY (id);


--
-- Name: accounts_core_company accounts_core_company_slug_key; Type: CONSTRAINT; Schema: public; Owner: sdishan
--

ALTER TABLE ONLY public.accounts_core_company
    ADD CONSTRAINT accounts_core_company_slug_key UNIQUE (slug);


--
-- Name: accounts_core_currency accounts_core_currency_pkey; Type: CONSTRAINT; Schema: public; Owner: sdishan
--

ALTER TABLE ONLY public.accounts_core_currency
    ADD CONSTRAINT accounts_core_currency_pkey PRIMARY KEY (code);


--
-- Name: accounts_core_customer accounts_core_customer_pkey; Type: CONSTRAINT; Schema: public; Owner: sdishan
--

ALTER TABLE ONLY public.accounts_core_customer
    ADD CONSTRAINT accounts_core_customer_pkey PRIMARY KEY (id);


--
-- Name: accounts_core_entitymembership accounts_core_entitymembership_pkey; Type: CONSTRAINT; Schema: public; Owner: sdishan
--

ALTER TABLE ONLY public.accounts_core_entitymembership
    ADD CONSTRAINT accounts_core_entitymembership_pkey PRIMARY KEY (id);


--
-- Name: accounts_core_fixedasset accounts_core_fixedasset_pkey; Type: CONSTRAINT; Schema: public; Owner: sdishan
--

ALTER TABLE ONLY public.accounts_core_fixedasset
    ADD CONSTRAINT accounts_core_fixedasset_pkey PRIMARY KEY (id);


--
-- Name: accounts_core_invoice accounts_core_invoice_pkey; Type: CONSTRAINT; Schema: public; Owner: sdishan
--

ALTER TABLE ONLY public.accounts_core_invoice
    ADD CONSTRAINT accounts_core_invoice_pkey PRIMARY KEY (id);


--
-- Name: accounts_core_invoiceline accounts_core_invoiceline_pkey; Type: CONSTRAINT; Schema: public; Owner: sdishan
--

ALTER TABLE ONLY public.accounts_core_invoiceline
    ADD CONSTRAINT accounts_core_invoiceline_pkey PRIMARY KEY (id);


--
-- Name: accounts_core_item accounts_core_item_pkey; Type: CONSTRAINT; Schema: public; Owner: sdishan
--

ALTER TABLE ONLY public.accounts_core_item
    ADD CONSTRAINT accounts_core_item_pkey PRIMARY KEY (id);


--
-- Name: accounts_core_journalentry accounts_core_journalentry_pkey; Type: CONSTRAINT; Schema: public; Owner: sdishan
--

ALTER TABLE ONLY public.accounts_core_journalentry
    ADD CONSTRAINT accounts_core_journalentry_pkey PRIMARY KEY (id);


--
-- Name: accounts_core_journalline accounts_core_journalline_pkey; Type: CONSTRAINT; Schema: public; Owner: sdishan
--

ALTER TABLE ONLY public.accounts_core_journalline
    ADD CONSTRAINT accounts_core_journalline_pkey PRIMARY KEY (id);


--
-- Name: accounts_core_period accounts_core_period_pkey; Type: CONSTRAINT; Schema: public; Owner: sdishan
--

ALTER TABLE ONLY public.accounts_core_period
    ADD CONSTRAINT accounts_core_period_pkey PRIMARY KEY (id);


--
-- Name: accounts_core_user_groups accounts_core_user_groups_pkey; Type: CONSTRAINT; Schema: public; Owner: sdishan
--

ALTER TABLE ONLY public.accounts_core_user_groups
    ADD CONSTRAINT accounts_core_user_groups_pkey PRIMARY KEY (id);


--
-- Name: accounts_core_user_groups accounts_core_user_groups_user_id_group_id_eeb8a696_uniq; Type: CONSTRAINT; Schema: public; Owner: sdishan
--

ALTER TABLE ONLY public.accounts_core_user_groups
    ADD CONSTRAINT accounts_core_user_groups_user_id_group_id_eeb8a696_uniq UNIQUE (user_id, group_id);


--
-- Name: accounts_core_user accounts_core_user_pkey; Type: CONSTRAINT; Schema: public; Owner: sdishan
--

ALTER TABLE ONLY public.accounts_core_user
    ADD CONSTRAINT accounts_core_user_pkey PRIMARY KEY (id);


--
-- Name: accounts_core_user_user_permissions accounts_core_user_user__user_id_permission_id_403997ec_uniq; Type: CONSTRAINT; Schema: public; Owner: sdishan
--

ALTER TABLE ONLY public.accounts_core_user_user_permissions
    ADD CONSTRAINT accounts_core_user_user__user_id_permission_id_403997ec_uniq UNIQUE (user_id, permission_id);


--
-- Name: accounts_core_user_user_permissions accounts_core_user_user_permissions_pkey; Type: CONSTRAINT; Schema: public; Owner: sdishan
--

ALTER TABLE ONLY public.accounts_core_user_user_permissions
    ADD CONSTRAINT accounts_core_user_user_permissions_pkey PRIMARY KEY (id);


--
-- Name: accounts_core_user accounts_core_user_username_key; Type: CONSTRAINT; Schema: public; Owner: sdishan
--

ALTER TABLE ONLY public.accounts_core_user
    ADD CONSTRAINT accounts_core_user_username_key UNIQUE (username);


--
-- Name: accounts_core_vendor accounts_core_vendor_pkey; Type: CONSTRAINT; Schema: public; Owner: sdishan
--

ALTER TABLE ONLY public.accounts_core_vendor
    ADD CONSTRAINT accounts_core_vendor_pkey PRIMARY KEY (id);


--
-- Name: auth_group auth_group_name_key; Type: CONSTRAINT; Schema: public; Owner: sdishan
--

ALTER TABLE ONLY public.auth_group
    ADD CONSTRAINT auth_group_name_key UNIQUE (name);


--
-- Name: auth_group_permissions auth_group_permissions_group_id_permission_id_0cd325b0_uniq; Type: CONSTRAINT; Schema: public; Owner: sdishan
--

ALTER TABLE ONLY public.auth_group_permissions
    ADD CONSTRAINT auth_group_permissions_group_id_permission_id_0cd325b0_uniq UNIQUE (group_id, permission_id);


--
-- Name: auth_group_permissions auth_group_permissions_pkey; Type: CONSTRAINT; Schema: public; Owner: sdishan
--

ALTER TABLE ONLY public.auth_group_permissions
    ADD CONSTRAINT auth_group_permissions_pkey PRIMARY KEY (id);


--
-- Name: auth_group auth_group_pkey; Type: CONSTRAINT; Schema: public; Owner: sdishan
--

ALTER TABLE ONLY public.auth_group
    ADD CONSTRAINT auth_group_pkey PRIMARY KEY (id);


--
-- Name: auth_permission auth_permission_content_type_id_codename_01ab375a_uniq; Type: CONSTRAINT; Schema: public; Owner: sdishan
--

ALTER TABLE ONLY public.auth_permission
    ADD CONSTRAINT auth_permission_content_type_id_codename_01ab375a_uniq UNIQUE (content_type_id, codename);


--
-- Name: auth_permission auth_permission_pkey; Type: CONSTRAINT; Schema: public; Owner: sdishan
--

ALTER TABLE ONLY public.auth_permission
    ADD CONSTRAINT auth_permission_pkey PRIMARY KEY (id);


--
-- Name: django_admin_log django_admin_log_pkey; Type: CONSTRAINT; Schema: public; Owner: sdishan
--

ALTER TABLE ONLY public.django_admin_log
    ADD CONSTRAINT django_admin_log_pkey PRIMARY KEY (id);


--
-- Name: django_content_type django_content_type_app_label_model_76bd3d3b_uniq; Type: CONSTRAINT; Schema: public; Owner: sdishan
--

ALTER TABLE ONLY public.django_content_type
    ADD CONSTRAINT django_content_type_app_label_model_76bd3d3b_uniq UNIQUE (app_label, model);


--
-- Name: django_content_type django_content_type_pkey; Type: CONSTRAINT; Schema: public; Owner: sdishan
--

ALTER TABLE ONLY public.django_content_type
    ADD CONSTRAINT django_content_type_pkey PRIMARY KEY (id);


--
-- Name: django_migrations django_migrations_pkey; Type: CONSTRAINT; Schema: public; Owner: sdishan
--

ALTER TABLE ONLY public.django_migrations
    ADD CONSTRAINT django_migrations_pkey PRIMARY KEY (id);


--
-- Name: django_session django_session_pkey; Type: CONSTRAINT; Schema: public; Owner: sdishan
--

ALTER TABLE ONLY public.django_session
    ADD CONSTRAINT django_session_pkey PRIMARY KEY (session_key);


--
-- Name: accounts_core_banktransactionbill unique_bank_tx_bill; Type: CONSTRAINT; Schema: public; Owner: sdishan
--

ALTER TABLE ONLY public.accounts_core_banktransactionbill
    ADD CONSTRAINT unique_bank_tx_bill UNIQUE (bank_transaction_id, bill_id);


--
-- Name: accounts_core_banktransactioninvoice unique_bank_tx_invoice; Type: CONSTRAINT; Schema: public; Owner: sdishan
--

ALTER TABLE ONLY public.accounts_core_banktransactioninvoice
    ADD CONSTRAINT unique_bank_tx_invoice UNIQUE (bank_transaction_id, invoice_id);


--
-- Name: accounts_core_bill uq_bill_company_number; Type: CONSTRAINT; Schema: public; Owner: sdishan
--

ALTER TABLE ONLY public.accounts_core_bill
    ADD CONSTRAINT uq_bill_company_number UNIQUE (company_id, bill_number);


--
-- Name: accounts_core_banktransaction uq_bt_company_ref; Type: CONSTRAINT; Schema: public; Owner: sdishan
--

ALTER TABLE ONLY public.accounts_core_banktransaction
    ADD CONSTRAINT uq_bt_company_ref UNIQUE (company_id, reference);


--
-- Name: accounts_core_account uq_company_account_code; Type: CONSTRAINT; Schema: public; Owner: sdishan
--

ALTER TABLE ONLY public.accounts_core_account
    ADD CONSTRAINT uq_company_account_code UNIQUE (company_id, code);


--
-- Name: accounts_core_accountbalancesnapshot uq_company_account_snapshot_date; Type: CONSTRAINT; Schema: public; Owner: sdishan
--

ALTER TABLE ONLY public.accounts_core_accountbalancesnapshot
    ADD CONSTRAINT uq_company_account_snapshot_date UNIQUE (company_id, account_id, snapshot_date);


--
-- Name: accounts_core_accountcategory uq_company_accountcategory_name; Type: CONSTRAINT; Schema: public; Owner: sdishan
--

ALTER TABLE ONLY public.accounts_core_accountcategory
    ADD CONSTRAINT uq_company_accountcategory_name UNIQUE (company_id, name);


--
-- Name: accounts_core_bankaccount uq_company_bankaccount_name; Type: CONSTRAINT; Schema: public; Owner: sdishan
--

ALTER TABLE ONLY public.accounts_core_bankaccount
    ADD CONSTRAINT uq_company_bankaccount_name UNIQUE (company_id, name);


--
-- Name: accounts_core_customer uq_company_customer_name; Type: CONSTRAINT; Schema: public; Owner: sdishan
--

ALTER TABLE ONLY public.accounts_core_customer
    ADD CONSTRAINT uq_company_customer_name UNIQUE (company_id, name);


--
-- Name: accounts_core_item uq_company_item_sku; Type: CONSTRAINT; Schema: public; Owner: sdishan
--

ALTER TABLE ONLY public.accounts_core_item
    ADD CONSTRAINT uq_company_item_sku UNIQUE (company_id, sku);


--
-- Name: accounts_core_period uq_company_period_name; Type: CONSTRAINT; Schema: public; Owner: sdishan
--

ALTER TABLE ONLY public.accounts_core_period
    ADD CONSTRAINT uq_company_period_name UNIQUE (company_id, name);


--
-- Name: accounts_core_vendor uq_company_vendor_name; Type: CONSTRAINT; Schema: public; Owner: sdishan
--

ALTER TABLE ONLY public.accounts_core_vendor
    ADD CONSTRAINT uq_company_vendor_name UNIQUE (company_id, name);


--
-- Name: accounts_core_fixedasset uq_fa_company_asset_code; Type: CONSTRAINT; Schema: public; Owner: sdishan
--

ALTER TABLE ONLY public.accounts_core_fixedasset
    ADD CONSTRAINT uq_fa_company_asset_code UNIQUE (company_id, asset_code);


--
-- Name: accounts_core_invoice uq_invoice_company_number; Type: CONSTRAINT; Schema: public; Owner: sdishan
--

ALTER TABLE ONLY public.accounts_core_invoice
    ADD CONSTRAINT uq_invoice_company_number UNIQUE (company_id, invoice_number);


--
-- Name: accounts_core_journalentry uq_je_company_ref; Type: CONSTRAINT; Schema: public; Owner: sdishan
--

ALTER TABLE ONLY public.accounts_core_journalentry
    ADD CONSTRAINT uq_je_company_ref UNIQUE (company_id, reference);


--
-- Name: accounts_core_entitymembership uq_user_company_membership; Type: CONSTRAINT; Schema: public; Owner: sdishan
--

ALTER TABLE ONLY public.accounts_core_entitymembership
    ADD CONSTRAINT uq_user_company_membership UNIQUE (user_id, company_id);


--
-- Name: accounts_co_company_0a8331_idx; Type: INDEX; Schema: public; Owner: sdishan
--

CREATE INDEX accounts_co_company_0a8331_idx ON public.accounts_core_account USING btree (company_id, ac_type);


--
-- Name: accounts_co_company_0ac6d0_idx; Type: INDEX; Schema: public; Owner: sdishan
--

CREATE INDEX accounts_co_company_0ac6d0_idx ON public.accounts_core_billline USING btree (company_id, account_id);


--
-- Name: accounts_co_company_148470_idx; Type: INDEX; Schema: public; Owner: sdishan
--

CREATE INDEX accounts_co_company_148470_idx ON public.accounts_core_period USING btree (company_id, is_closed);


--
-- Name: accounts_co_company_18379a_idx; Type: INDEX; Schema: public; Owner: sdishan
--

CREATE INDEX accounts_co_company_18379a_idx ON public.accounts_core_banktransaction USING btree (company_id, payment_date);


--
-- Name: accounts_co_company_208237_idx; Type: INDEX; Schema: public; Owner: sdishan
--

CREATE INDEX accounts_co_company_208237_idx ON public.accounts_core_billline USING btree (company_id, bill_id);


--
-- Name: accounts_co_company_22b71a_idx; Type: INDEX; Schema: public; Owner: sdishan
--

CREATE INDEX accounts_co_company_22b71a_idx ON public.accounts_core_item USING btree (company_id, name);


--
-- Name: accounts_co_company_28d89c_idx; Type: INDEX; Schema: public; Owner: sdishan
--

CREATE INDEX accounts_co_company_28d89c_idx ON public.accounts_core_journalline USING btree (company_id, account_id);


--
-- Name: accounts_co_company_2fc5f2_idx; Type: INDEX; Schema: public; Owner: sdishan
--

CREATE INDEX accounts_co_company_2fc5f2_idx ON public.accounts_core_account USING btree (company_id, code);


--
-- Name: accounts_co_company_32b747_idx; Type: INDEX; Schema: public; Owner: sdishan
--

CREATE INDEX accounts_co_company_32b747_idx ON public.accounts_core_account USING btree (company_id, parent_id);


--
-- Name: accounts_co_company_4bbc2c_idx; Type: INDEX; Schema: public; Owner: sdishan
--

CREATE INDEX accounts_co_company_4bbc2c_idx ON public.accounts_core_fixedasset USING btree (company_id, asset_code);


--
-- Name: accounts_co_company_5572b0_idx; Type: INDEX; Schema: public; Owner: sdishan
--

CREATE INDEX accounts_co_company_5572b0_idx ON public.accounts_core_journalline USING btree (company_id, journal_id);


--
-- Name: accounts_co_company_55b62c_idx; Type: INDEX; Schema: public; Owner: sdishan
--

CREATE INDEX accounts_co_company_55b62c_idx ON public.accounts_core_journalentry USING btree (company_id, status);


--
-- Name: accounts_co_company_59af30_idx; Type: INDEX; Schema: public; Owner: sdishan
--

CREATE INDEX accounts_co_company_59af30_idx ON public.accounts_core_customer USING btree (company_id, name);


--
-- Name: accounts_co_company_61dded_idx; Type: INDEX; Schema: public; Owner: sdishan
--

CREATE INDEX accounts_co_company_61dded_idx ON public.accounts_core_bill USING btree (company_id, vendor_id);


--
-- Name: accounts_co_company_650b75_idx; Type: INDEX; Schema: public; Owner: sdishan
--

CREATE INDEX accounts_co_company_650b75_idx ON public.accounts_core_journalentry USING btree (company_id, date);


--
-- Name: accounts_co_company_703f9d_idx; Type: INDEX; Schema: public; Owner: sdishan
--

CREATE INDEX accounts_co_company_703f9d_idx ON public.accounts_core_auditlog USING btree (company_id, created_at);


--
-- Name: accounts_co_company_8bac49_idx; Type: INDEX; Schema: public; Owner: sdishan
--

CREATE INDEX accounts_co_company_8bac49_idx ON public.accounts_core_invoice USING btree (company_id, invoice_number);


--
-- Name: accounts_co_company_94bf0a_idx; Type: INDEX; Schema: public; Owner: sdishan
--

CREATE INDEX accounts_co_company_94bf0a_idx ON public.accounts_core_invoiceline USING btree (company_id, invoice_id);


--
-- Name: accounts_co_company_9884e4_idx; Type: INDEX; Schema: public; Owner: sdishan
--

CREATE INDEX accounts_co_company_9884e4_idx ON public.accounts_core_invoice USING btree (company_id, customer_id);


--
-- Name: accounts_co_company_a04827_idx; Type: INDEX; Schema: public; Owner: sdishan
--

CREATE INDEX accounts_co_company_a04827_idx ON public.accounts_core_invoiceline USING btree (company_id, account_id);


--
-- Name: accounts_co_company_a8230d_idx; Type: INDEX; Schema: public; Owner: sdishan
--

CREATE INDEX accounts_co_company_a8230d_idx ON public.accounts_core_entitymembership USING btree (company_id, user_id);


--
-- Name: accounts_co_company_aeb035_idx; Type: INDEX; Schema: public; Owner: sdishan
--

CREATE INDEX accounts_co_company_aeb035_idx ON public.accounts_core_auditlog USING btree (company_id, user_id);


--
-- Name: accounts_co_company_b1fd3d_idx; Type: INDEX; Schema: public; Owner: sdishan
--

CREATE INDEX accounts_co_company_b1fd3d_idx ON public.accounts_core_accountbalancesnapshot USING btree (company_id, snapshot_date);


--
-- Name: accounts_co_company_bc4a13_idx; Type: INDEX; Schema: public; Owner: sdishan
--

CREATE INDEX accounts_co_company_bc4a13_idx ON public.accounts_core_banktransactioninvoice USING btree (company_id, bank_transaction_id);


--
-- Name: accounts_co_company_c0e88c_idx; Type: INDEX; Schema: public; Owner: sdishan
--

CREATE INDEX accounts_co_company_c0e88c_idx ON public.accounts_core_banktransactionbill USING btree (company_id, bank_transaction_id);


--
-- Name: accounts_co_company_c1608f_idx; Type: INDEX; Schema: public; Owner: sdishan
--

CREATE INDEX accounts_co_company_c1608f_idx ON public.accounts_core_vendor USING btree (company_id, default_ap_account_id);


--
-- Name: accounts_co_company_ce82b2_idx; Type: INDEX; Schema: public; Owner: sdishan
--

CREATE INDEX accounts_co_company_ce82b2_idx ON public.accounts_core_banktransaction USING btree (company_id, bank_account_id);


--
-- Name: accounts_co_company_d27342_idx; Type: INDEX; Schema: public; Owner: sdishan
--

CREATE INDEX accounts_co_company_d27342_idx ON public.accounts_core_bankaccount USING btree (company_id, name);


--
-- Name: accounts_co_company_d3702b_idx; Type: INDEX; Schema: public; Owner: sdishan
--

CREATE INDEX accounts_co_company_d3702b_idx ON public.accounts_core_banktransactionbill USING btree (company_id, bill_id);


--
-- Name: accounts_co_company_d49f39_idx; Type: INDEX; Schema: public; Owner: sdishan
--

CREATE INDEX accounts_co_company_d49f39_idx ON public.accounts_core_customer USING btree (company_id, default_ar_account_id);


--
-- Name: accounts_co_company_d6d7d2_idx; Type: INDEX; Schema: public; Owner: sdishan
--

CREATE INDEX accounts_co_company_d6d7d2_idx ON public.accounts_core_banktransactioninvoice USING btree (company_id, invoice_id);


--
-- Name: accounts_co_company_e964dc_idx; Type: INDEX; Schema: public; Owner: sdishan
--

CREATE INDEX accounts_co_company_e964dc_idx ON public.accounts_core_bill USING btree (company_id, bill_number);


--
-- Name: accounts_co_company_ef6044_idx; Type: INDEX; Schema: public; Owner: sdishan
--

CREATE INDEX accounts_co_company_ef6044_idx ON public.accounts_core_period USING btree (company_id, start_date);


--
-- Name: accounts_co_company_f07334_idx; Type: INDEX; Schema: public; Owner: sdishan
--

CREATE INDEX accounts_co_company_f07334_idx ON public.accounts_core_vendor USING btree (company_id, name);


--
-- Name: accounts_co_default_79acc3_idx; Type: INDEX; Schema: public; Owner: sdishan
--

CREATE INDEX accounts_co_default_79acc3_idx ON public.accounts_core_user USING btree (default_company_id);


--
-- Name: accounts_core_account_category_id_9c2836cb; Type: INDEX; Schema: public; Owner: sdishan
--

CREATE INDEX accounts_core_account_category_id_9c2836cb ON public.accounts_core_account USING btree (category_id);


--
-- Name: accounts_core_account_company_id_5e796726; Type: INDEX; Schema: public; Owner: sdishan
--

CREATE INDEX accounts_core_account_company_id_5e796726 ON public.accounts_core_account USING btree (company_id);


--
-- Name: accounts_core_account_parent_id_a1f09a6e; Type: INDEX; Schema: public; Owner: sdishan
--

CREATE INDEX accounts_core_account_parent_id_a1f09a6e ON public.accounts_core_account USING btree (parent_id);


--
-- Name: accounts_core_accountbalancesnapshot_account_id_63728a3a; Type: INDEX; Schema: public; Owner: sdishan
--

CREATE INDEX accounts_core_accountbalancesnapshot_account_id_63728a3a ON public.accounts_core_accountbalancesnapshot USING btree (account_id);


--
-- Name: accounts_core_accountbalancesnapshot_company_id_be4027ec; Type: INDEX; Schema: public; Owner: sdishan
--

CREATE INDEX accounts_core_accountbalancesnapshot_company_id_be4027ec ON public.accounts_core_accountbalancesnapshot USING btree (company_id);


--
-- Name: accounts_core_accountcategory_company_id_20c90499; Type: INDEX; Schema: public; Owner: sdishan
--

CREATE INDEX accounts_core_accountcategory_company_id_20c90499 ON public.accounts_core_accountcategory USING btree (company_id);


--
-- Name: accounts_core_auditlog_company_id_a709da5d; Type: INDEX; Schema: public; Owner: sdishan
--

CREATE INDEX accounts_core_auditlog_company_id_a709da5d ON public.accounts_core_auditlog USING btree (company_id);


--
-- Name: accounts_core_auditlog_user_id_8ebb5f9c; Type: INDEX; Schema: public; Owner: sdishan
--

CREATE INDEX accounts_core_auditlog_user_id_8ebb5f9c ON public.accounts_core_auditlog USING btree (user_id);


--
-- Name: accounts_core_bankaccount_company_id_f3749c37; Type: INDEX; Schema: public; Owner: sdishan
--

CREATE INDEX accounts_core_bankaccount_company_id_f3749c37 ON public.accounts_core_bankaccount USING btree (company_id);


--
-- Name: accounts_core_banktransact_bank_transaction_id_972858e2; Type: INDEX; Schema: public; Owner: sdishan
--

CREATE INDEX accounts_core_banktransact_bank_transaction_id_972858e2 ON public.accounts_core_banktransactioninvoice USING btree (bank_transaction_id);


--
-- Name: accounts_core_banktransaction_bank_account_id_6082a987; Type: INDEX; Schema: public; Owner: sdishan
--

CREATE INDEX accounts_core_banktransaction_bank_account_id_6082a987 ON public.accounts_core_banktransaction USING btree (bank_account_id);


--
-- Name: accounts_core_banktransaction_company_id_a5c3acc9; Type: INDEX; Schema: public; Owner: sdishan
--

CREATE INDEX accounts_core_banktransaction_company_id_a5c3acc9 ON public.accounts_core_banktransaction USING btree (company_id);


--
-- Name: accounts_core_banktransactionbill_bank_transaction_id_6757d2af; Type: INDEX; Schema: public; Owner: sdishan
--

CREATE INDEX accounts_core_banktransactionbill_bank_transaction_id_6757d2af ON public.accounts_core_banktransactionbill USING btree (bank_transaction_id);


--
-- Name: accounts_core_banktransactionbill_bill_id_dd3bd2ed; Type: INDEX; Schema: public; Owner: sdishan
--

CREATE INDEX accounts_core_banktransactionbill_bill_id_dd3bd2ed ON public.accounts_core_banktransactionbill USING btree (bill_id);


--
-- Name: accounts_core_banktransactionbill_company_id_ec88c12b; Type: INDEX; Schema: public; Owner: sdishan
--

CREATE INDEX accounts_core_banktransactionbill_company_id_ec88c12b ON public.accounts_core_banktransactionbill USING btree (company_id);


--
-- Name: accounts_core_banktransactioninvoice_company_id_3ccdd69f; Type: INDEX; Schema: public; Owner: sdishan
--

CREATE INDEX accounts_core_banktransactioninvoice_company_id_3ccdd69f ON public.accounts_core_banktransactioninvoice USING btree (company_id);


--
-- Name: accounts_core_banktransactioninvoice_invoice_id_466fe87e; Type: INDEX; Schema: public; Owner: sdishan
--

CREATE INDEX accounts_core_banktransactioninvoice_invoice_id_466fe87e ON public.accounts_core_banktransactioninvoice USING btree (invoice_id);


--
-- Name: accounts_core_bill_company_id_160bd30a; Type: INDEX; Schema: public; Owner: sdishan
--

CREATE INDEX accounts_core_bill_company_id_160bd30a ON public.accounts_core_bill USING btree (company_id);


--
-- Name: accounts_core_bill_vendor_id_2b6a7d46; Type: INDEX; Schema: public; Owner: sdishan
--

CREATE INDEX accounts_core_bill_vendor_id_2b6a7d46 ON public.accounts_core_bill USING btree (vendor_id);


--
-- Name: accounts_core_billline_account_id_67241097; Type: INDEX; Schema: public; Owner: sdishan
--

CREATE INDEX accounts_core_billline_account_id_67241097 ON public.accounts_core_billline USING btree (account_id);


--
-- Name: accounts_core_billline_bill_id_f2e561f6; Type: INDEX; Schema: public; Owner: sdishan
--

CREATE INDEX accounts_core_billline_bill_id_f2e561f6 ON public.accounts_core_billline USING btree (bill_id);


--
-- Name: accounts_core_billline_company_id_071f1d4b; Type: INDEX; Schema: public; Owner: sdishan
--

CREATE INDEX accounts_core_billline_company_id_071f1d4b ON public.accounts_core_billline USING btree (company_id);


--
-- Name: accounts_core_billline_item_id_e8213783; Type: INDEX; Schema: public; Owner: sdishan
--

CREATE INDEX accounts_core_billline_item_id_e8213783 ON public.accounts_core_billline USING btree (item_id);


--
-- Name: accounts_core_company_default_currency_id_92b78262; Type: INDEX; Schema: public; Owner: sdishan
--

CREATE INDEX accounts_core_company_default_currency_id_92b78262 ON public.accounts_core_company USING btree (default_currency_id);


--
-- Name: accounts_core_company_default_currency_id_92b78262_like; Type: INDEX; Schema: public; Owner: sdishan
--

CREATE INDEX accounts_core_company_default_currency_id_92b78262_like ON public.accounts_core_company USING btree (default_currency_id varchar_pattern_ops);


--
-- Name: accounts_core_company_owner_id_45e5377b; Type: INDEX; Schema: public; Owner: sdishan
--

CREATE INDEX accounts_core_company_owner_id_45e5377b ON public.accounts_core_company USING btree (owner_id);


--
-- Name: accounts_core_company_slug_31f8c372_like; Type: INDEX; Schema: public; Owner: sdishan
--

CREATE INDEX accounts_core_company_slug_31f8c372_like ON public.accounts_core_company USING btree (slug varchar_pattern_ops);


--
-- Name: accounts_core_currency_code_1afe9747_like; Type: INDEX; Schema: public; Owner: sdishan
--

CREATE INDEX accounts_core_currency_code_1afe9747_like ON public.accounts_core_currency USING btree (code varchar_pattern_ops);


--
-- Name: accounts_core_customer_company_id_c152a5b4; Type: INDEX; Schema: public; Owner: sdishan
--

CREATE INDEX accounts_core_customer_company_id_c152a5b4 ON public.accounts_core_customer USING btree (company_id);


--
-- Name: accounts_core_customer_default_ar_account_id_3ea6735c; Type: INDEX; Schema: public; Owner: sdishan
--

CREATE INDEX accounts_core_customer_default_ar_account_id_3ea6735c ON public.accounts_core_customer USING btree (default_ar_account_id);


--
-- Name: accounts_core_entitymembership_company_id_32671fad; Type: INDEX; Schema: public; Owner: sdishan
--

CREATE INDEX accounts_core_entitymembership_company_id_32671fad ON public.accounts_core_entitymembership USING btree (company_id);


--
-- Name: accounts_core_entitymembership_user_id_99cf2d55; Type: INDEX; Schema: public; Owner: sdishan
--

CREATE INDEX accounts_core_entitymembership_user_id_99cf2d55 ON public.accounts_core_entitymembership USING btree (user_id);


--
-- Name: accounts_core_fixedasset_account_id_7d7e00a9; Type: INDEX; Schema: public; Owner: sdishan
--

CREATE INDEX accounts_core_fixedasset_account_id_7d7e00a9 ON public.accounts_core_fixedasset USING btree (account_id);


--
-- Name: accounts_core_fixedasset_company_id_9cf72ac2; Type: INDEX; Schema: public; Owner: sdishan
--

CREATE INDEX accounts_core_fixedasset_company_id_9cf72ac2 ON public.accounts_core_fixedasset USING btree (company_id);


--
-- Name: accounts_core_fixedasset_vendor_id_de6c7cc2; Type: INDEX; Schema: public; Owner: sdishan
--

CREATE INDEX accounts_core_fixedasset_vendor_id_de6c7cc2 ON public.accounts_core_fixedasset USING btree (vendor_id);


--
-- Name: accounts_core_invoice_company_id_5da981b7; Type: INDEX; Schema: public; Owner: sdishan
--

CREATE INDEX accounts_core_invoice_company_id_5da981b7 ON public.accounts_core_invoice USING btree (company_id);


--
-- Name: accounts_core_invoice_customer_id_80f4db11; Type: INDEX; Schema: public; Owner: sdishan
--

CREATE INDEX accounts_core_invoice_customer_id_80f4db11 ON public.accounts_core_invoice USING btree (customer_id);


--
-- Name: accounts_core_invoiceline_account_id_55279a71; Type: INDEX; Schema: public; Owner: sdishan
--

CREATE INDEX accounts_core_invoiceline_account_id_55279a71 ON public.accounts_core_invoiceline USING btree (account_id);


--
-- Name: accounts_core_invoiceline_company_id_61ce40d0; Type: INDEX; Schema: public; Owner: sdishan
--

CREATE INDEX accounts_core_invoiceline_company_id_61ce40d0 ON public.accounts_core_invoiceline USING btree (company_id);


--
-- Name: accounts_core_invoiceline_invoice_id_8fffade1; Type: INDEX; Schema: public; Owner: sdishan
--

CREATE INDEX accounts_core_invoiceline_invoice_id_8fffade1 ON public.accounts_core_invoiceline USING btree (invoice_id);


--
-- Name: accounts_core_invoiceline_item_id_636bad9b; Type: INDEX; Schema: public; Owner: sdishan
--

CREATE INDEX accounts_core_invoiceline_item_id_636bad9b ON public.accounts_core_invoiceline USING btree (item_id);


--
-- Name: accounts_core_item_company_id_6b27822e; Type: INDEX; Schema: public; Owner: sdishan
--

CREATE INDEX accounts_core_item_company_id_6b27822e ON public.accounts_core_item USING btree (company_id);


--
-- Name: accounts_core_item_purchase_account_id_e13734da; Type: INDEX; Schema: public; Owner: sdishan
--

CREATE INDEX accounts_core_item_purchase_account_id_e13734da ON public.accounts_core_item USING btree (purchase_account_id);


--
-- Name: accounts_core_item_sales_account_id_34e9f9dd; Type: INDEX; Schema: public; Owner: sdishan
--

CREATE INDEX accounts_core_item_sales_account_id_34e9f9dd ON public.accounts_core_item USING btree (sales_account_id);


--
-- Name: accounts_core_journalentry_company_id_b1c5f7aa; Type: INDEX; Schema: public; Owner: sdishan
--

CREATE INDEX accounts_core_journalentry_company_id_b1c5f7aa ON public.accounts_core_journalentry USING btree (company_id);


--
-- Name: accounts_core_journalentry_created_by_id_8377b3be; Type: INDEX; Schema: public; Owner: sdishan
--

CREATE INDEX accounts_core_journalentry_created_by_id_8377b3be ON public.accounts_core_journalentry USING btree (created_by_id);


--
-- Name: accounts_core_journalentry_period_id_b2af5cd1; Type: INDEX; Schema: public; Owner: sdishan
--

CREATE INDEX accounts_core_journalentry_period_id_b2af5cd1 ON public.accounts_core_journalentry USING btree (period_id);


--
-- Name: accounts_core_journalline_account_id_b58b6c50; Type: INDEX; Schema: public; Owner: sdishan
--

CREATE INDEX accounts_core_journalline_account_id_b58b6c50 ON public.accounts_core_journalline USING btree (account_id);


--
-- Name: accounts_core_journalline_bank_transaction_id_aa0afba7; Type: INDEX; Schema: public; Owner: sdishan
--

CREATE INDEX accounts_core_journalline_bank_transaction_id_aa0afba7 ON public.accounts_core_journalline USING btree (bank_transaction_id);


--
-- Name: accounts_core_journalline_bill_id_d2c69a88; Type: INDEX; Schema: public; Owner: sdishan
--

CREATE INDEX accounts_core_journalline_bill_id_d2c69a88 ON public.accounts_core_journalline USING btree (bill_id);


--
-- Name: accounts_core_journalline_company_id_90546e00; Type: INDEX; Schema: public; Owner: sdishan
--

CREATE INDEX accounts_core_journalline_company_id_90546e00 ON public.accounts_core_journalline USING btree (company_id);


--
-- Name: accounts_core_journalline_currency_id_4684a406; Type: INDEX; Schema: public; Owner: sdishan
--

CREATE INDEX accounts_core_journalline_currency_id_4684a406 ON public.accounts_core_journalline USING btree (currency_id);


--
-- Name: accounts_core_journalline_currency_id_4684a406_like; Type: INDEX; Schema: public; Owner: sdishan
--

CREATE INDEX accounts_core_journalline_currency_id_4684a406_like ON public.accounts_core_journalline USING btree (currency_id varchar_pattern_ops);


--
-- Name: accounts_core_journalline_fixed_asset_id_beb9c768; Type: INDEX; Schema: public; Owner: sdishan
--

CREATE INDEX accounts_core_journalline_fixed_asset_id_beb9c768 ON public.accounts_core_journalline USING btree (fixed_asset_id);


--
-- Name: accounts_core_journalline_invoice_id_ac6cf3ca; Type: INDEX; Schema: public; Owner: sdishan
--

CREATE INDEX accounts_core_journalline_invoice_id_ac6cf3ca ON public.accounts_core_journalline USING btree (invoice_id);


--
-- Name: accounts_core_journalline_journal_id_fee7722d; Type: INDEX; Schema: public; Owner: sdishan
--

CREATE INDEX accounts_core_journalline_journal_id_fee7722d ON public.accounts_core_journalline USING btree (journal_id);


--
-- Name: accounts_core_period_company_id_40236451; Type: INDEX; Schema: public; Owner: sdishan
--

CREATE INDEX accounts_core_period_company_id_40236451 ON public.accounts_core_period USING btree (company_id);


--
-- Name: accounts_core_user_default_company_id_ae21458b; Type: INDEX; Schema: public; Owner: sdishan
--

CREATE INDEX accounts_core_user_default_company_id_ae21458b ON public.accounts_core_user USING btree (default_company_id);


--
-- Name: accounts_core_user_groups_group_id_199262d6; Type: INDEX; Schema: public; Owner: sdishan
--

CREATE INDEX accounts_core_user_groups_group_id_199262d6 ON public.accounts_core_user_groups USING btree (group_id);


--
-- Name: accounts_core_user_groups_user_id_209aa5cb; Type: INDEX; Schema: public; Owner: sdishan
--

CREATE INDEX accounts_core_user_groups_user_id_209aa5cb ON public.accounts_core_user_groups USING btree (user_id);


--
-- Name: accounts_core_user_user_permissions_permission_id_79ea21ec; Type: INDEX; Schema: public; Owner: sdishan
--

CREATE INDEX accounts_core_user_user_permissions_permission_id_79ea21ec ON public.accounts_core_user_user_permissions USING btree (permission_id);


--
-- Name: accounts_core_user_user_permissions_user_id_07357388; Type: INDEX; Schema: public; Owner: sdishan
--

CREATE INDEX accounts_core_user_user_permissions_user_id_07357388 ON public.accounts_core_user_user_permissions USING btree (user_id);


--
-- Name: accounts_core_user_username_ff67b179_like; Type: INDEX; Schema: public; Owner: sdishan
--

CREATE INDEX accounts_core_user_username_ff67b179_like ON public.accounts_core_user USING btree (username varchar_pattern_ops);


--
-- Name: accounts_core_vendor_company_id_ec8eadd2; Type: INDEX; Schema: public; Owner: sdishan
--

CREATE INDEX accounts_core_vendor_company_id_ec8eadd2 ON public.accounts_core_vendor USING btree (company_id);


--
-- Name: accounts_core_vendor_default_ap_account_id_e04b63d5; Type: INDEX; Schema: public; Owner: sdishan
--

CREATE INDEX accounts_core_vendor_default_ap_account_id_e04b63d5 ON public.accounts_core_vendor USING btree (default_ap_account_id);


--
-- Name: auth_group_name_a6ea08ec_like; Type: INDEX; Schema: public; Owner: sdishan
--

CREATE INDEX auth_group_name_a6ea08ec_like ON public.auth_group USING btree (name varchar_pattern_ops);


--
-- Name: auth_group_permissions_group_id_b120cbf9; Type: INDEX; Schema: public; Owner: sdishan
--

CREATE INDEX auth_group_permissions_group_id_b120cbf9 ON public.auth_group_permissions USING btree (group_id);


--
-- Name: auth_group_permissions_permission_id_84c5c92e; Type: INDEX; Schema: public; Owner: sdishan
--

CREATE INDEX auth_group_permissions_permission_id_84c5c92e ON public.auth_group_permissions USING btree (permission_id);


--
-- Name: auth_permission_content_type_id_2f476e4b; Type: INDEX; Schema: public; Owner: sdishan
--

CREATE INDEX auth_permission_content_type_id_2f476e4b ON public.auth_permission USING btree (content_type_id);


--
-- Name: django_admin_log_content_type_id_c4bce8eb; Type: INDEX; Schema: public; Owner: sdishan
--

CREATE INDEX django_admin_log_content_type_id_c4bce8eb ON public.django_admin_log USING btree (content_type_id);


--
-- Name: django_admin_log_user_id_c564eba6; Type: INDEX; Schema: public; Owner: sdishan
--

CREATE INDEX django_admin_log_user_id_c564eba6 ON public.django_admin_log USING btree (user_id);


--
-- Name: django_session_expire_date_a5c62663; Type: INDEX; Schema: public; Owner: sdishan
--

CREATE INDEX django_session_expire_date_a5c62663 ON public.django_session USING btree (expire_date);


--
-- Name: django_session_session_key_c0390e0f_like; Type: INDEX; Schema: public; Owner: sdishan
--

CREATE INDEX django_session_session_key_c0390e0f_like ON public.django_session USING btree (session_key varchar_pattern_ops);


--
-- Name: ix_mv_jl_agg_period_company_account; Type: INDEX; Schema: public; Owner: sdishan
--

CREATE INDEX ix_mv_jl_agg_period_company_account ON public.mv_jl_agg_period USING btree (company_id, account_id);


--
-- Name: ux_mv_balance_sheet_running_company_account; Type: INDEX; Schema: public; Owner: sdishan
--

CREATE UNIQUE INDEX ux_mv_balance_sheet_running_company_account ON public.mv_balance_sheet_running USING btree (company_id, account_id);


--
-- Name: ux_mv_jl_agg_period_company_period_account; Type: INDEX; Schema: public; Owner: sdishan
--

CREATE UNIQUE INDEX ux_mv_jl_agg_period_company_period_account ON public.mv_jl_agg_period USING btree (company_id, period_id, account_id);


--
-- Name: ux_mv_pl_period_company_period; Type: INDEX; Schema: public; Owner: sdishan
--

CREATE UNIQUE INDEX ux_mv_pl_period_company_period ON public.mv_pl_period USING btree (company_id, period_id);


--
-- Name: ux_mv_trial_balance_period_company_period_account; Type: INDEX; Schema: public; Owner: sdishan
--

CREATE UNIQUE INDEX ux_mv_trial_balance_period_company_period_account ON public.mv_trial_balance_period USING btree (company_id, period_id, account_id);


--
-- Name: ux_mv_trial_balance_running_company_account; Type: INDEX; Schema: public; Owner: sdishan
--

CREATE UNIQUE INDEX ux_mv_trial_balance_running_company_account ON public.mv_trial_balance_running USING btree (company_id, account_id);


--
-- Name: accounts_core_accountbalancesnapshot accounts_core_accoun_account_id_63728a3a_fk_accounts_; Type: FK CONSTRAINT; Schema: public; Owner: sdishan
--

ALTER TABLE ONLY public.accounts_core_accountbalancesnapshot
    ADD CONSTRAINT accounts_core_accoun_account_id_63728a3a_fk_accounts_ FOREIGN KEY (account_id) REFERENCES public.accounts_core_account(id) DEFERRABLE INITIALLY DEFERRED;


--
-- Name: accounts_core_account accounts_core_accoun_category_id_9c2836cb_fk_accounts_; Type: FK CONSTRAINT; Schema: public; Owner: sdishan
--

ALTER TABLE ONLY public.accounts_core_account
    ADD CONSTRAINT accounts_core_accoun_category_id_9c2836cb_fk_accounts_ FOREIGN KEY (category_id) REFERENCES public.accounts_core_accountcategory(id) DEFERRABLE INITIALLY DEFERRED;


--
-- Name: accounts_core_accountcategory accounts_core_accoun_company_id_20c90499_fk_accounts_; Type: FK CONSTRAINT; Schema: public; Owner: sdishan
--

ALTER TABLE ONLY public.accounts_core_accountcategory
    ADD CONSTRAINT accounts_core_accoun_company_id_20c90499_fk_accounts_ FOREIGN KEY (company_id) REFERENCES public.accounts_core_company(id) DEFERRABLE INITIALLY DEFERRED;


--
-- Name: accounts_core_account accounts_core_accoun_company_id_5e796726_fk_accounts_; Type: FK CONSTRAINT; Schema: public; Owner: sdishan
--

ALTER TABLE ONLY public.accounts_core_account
    ADD CONSTRAINT accounts_core_accoun_company_id_5e796726_fk_accounts_ FOREIGN KEY (company_id) REFERENCES public.accounts_core_company(id) DEFERRABLE INITIALLY DEFERRED;


--
-- Name: accounts_core_accountbalancesnapshot accounts_core_accoun_company_id_be4027ec_fk_accounts_; Type: FK CONSTRAINT; Schema: public; Owner: sdishan
--

ALTER TABLE ONLY public.accounts_core_accountbalancesnapshot
    ADD CONSTRAINT accounts_core_accoun_company_id_be4027ec_fk_accounts_ FOREIGN KEY (company_id) REFERENCES public.accounts_core_company(id) DEFERRABLE INITIALLY DEFERRED;


--
-- Name: accounts_core_account accounts_core_accoun_parent_id_a1f09a6e_fk_accounts_; Type: FK CONSTRAINT; Schema: public; Owner: sdishan
--

ALTER TABLE ONLY public.accounts_core_account
    ADD CONSTRAINT accounts_core_accoun_parent_id_a1f09a6e_fk_accounts_ FOREIGN KEY (parent_id) REFERENCES public.accounts_core_account(id) DEFERRABLE INITIALLY DEFERRED;


--
-- Name: accounts_core_auditlog accounts_core_auditl_company_id_a709da5d_fk_accounts_; Type: FK CONSTRAINT; Schema: public; Owner: sdishan
--

ALTER TABLE ONLY public.accounts_core_auditlog
    ADD CONSTRAINT accounts_core_auditl_company_id_a709da5d_fk_accounts_ FOREIGN KEY (company_id) REFERENCES public.accounts_core_company(id) DEFERRABLE INITIALLY DEFERRED;


--
-- Name: accounts_core_auditlog accounts_core_auditl_user_id_8ebb5f9c_fk_accounts_; Type: FK CONSTRAINT; Schema: public; Owner: sdishan
--

ALTER TABLE ONLY public.accounts_core_auditlog
    ADD CONSTRAINT accounts_core_auditl_user_id_8ebb5f9c_fk_accounts_ FOREIGN KEY (user_id) REFERENCES public.accounts_core_user(id) DEFERRABLE INITIALLY DEFERRED;


--
-- Name: accounts_core_bankaccount accounts_core_bankac_company_id_f3749c37_fk_accounts_; Type: FK CONSTRAINT; Schema: public; Owner: sdishan
--

ALTER TABLE ONLY public.accounts_core_bankaccount
    ADD CONSTRAINT accounts_core_bankac_company_id_f3749c37_fk_accounts_ FOREIGN KEY (company_id) REFERENCES public.accounts_core_company(id) DEFERRABLE INITIALLY DEFERRED;


--
-- Name: accounts_core_banktransaction accounts_core_banktr_bank_account_id_6082a987_fk_accounts_; Type: FK CONSTRAINT; Schema: public; Owner: sdishan
--

ALTER TABLE ONLY public.accounts_core_banktransaction
    ADD CONSTRAINT accounts_core_banktr_bank_account_id_6082a987_fk_accounts_ FOREIGN KEY (bank_account_id) REFERENCES public.accounts_core_bankaccount(id) DEFERRABLE INITIALLY DEFERRED;


--
-- Name: accounts_core_banktransactionbill accounts_core_banktr_bank_transaction_id_6757d2af_fk_accounts_; Type: FK CONSTRAINT; Schema: public; Owner: sdishan
--

ALTER TABLE ONLY public.accounts_core_banktransactionbill
    ADD CONSTRAINT accounts_core_banktr_bank_transaction_id_6757d2af_fk_accounts_ FOREIGN KEY (bank_transaction_id) REFERENCES public.accounts_core_banktransaction(id) DEFERRABLE INITIALLY DEFERRED;


--
-- Name: accounts_core_banktransactioninvoice accounts_core_banktr_bank_transaction_id_972858e2_fk_accounts_; Type: FK CONSTRAINT; Schema: public; Owner: sdishan
--

ALTER TABLE ONLY public.accounts_core_banktransactioninvoice
    ADD CONSTRAINT accounts_core_banktr_bank_transaction_id_972858e2_fk_accounts_ FOREIGN KEY (bank_transaction_id) REFERENCES public.accounts_core_banktransaction(id) DEFERRABLE INITIALLY DEFERRED;


--
-- Name: accounts_core_banktransactionbill accounts_core_banktr_bill_id_dd3bd2ed_fk_accounts_; Type: FK CONSTRAINT; Schema: public; Owner: sdishan
--

ALTER TABLE ONLY public.accounts_core_banktransactionbill
    ADD CONSTRAINT accounts_core_banktr_bill_id_dd3bd2ed_fk_accounts_ FOREIGN KEY (bill_id) REFERENCES public.accounts_core_bill(id) DEFERRABLE INITIALLY DEFERRED;


--
-- Name: accounts_core_banktransactioninvoice accounts_core_banktr_company_id_3ccdd69f_fk_accounts_; Type: FK CONSTRAINT; Schema: public; Owner: sdishan
--

ALTER TABLE ONLY public.accounts_core_banktransactioninvoice
    ADD CONSTRAINT accounts_core_banktr_company_id_3ccdd69f_fk_accounts_ FOREIGN KEY (company_id) REFERENCES public.accounts_core_company(id) DEFERRABLE INITIALLY DEFERRED;


--
-- Name: accounts_core_banktransaction accounts_core_banktr_company_id_a5c3acc9_fk_accounts_; Type: FK CONSTRAINT; Schema: public; Owner: sdishan
--

ALTER TABLE ONLY public.accounts_core_banktransaction
    ADD CONSTRAINT accounts_core_banktr_company_id_a5c3acc9_fk_accounts_ FOREIGN KEY (company_id) REFERENCES public.accounts_core_company(id) DEFERRABLE INITIALLY DEFERRED;


--
-- Name: accounts_core_banktransactionbill accounts_core_banktr_company_id_ec88c12b_fk_accounts_; Type: FK CONSTRAINT; Schema: public; Owner: sdishan
--

ALTER TABLE ONLY public.accounts_core_banktransactionbill
    ADD CONSTRAINT accounts_core_banktr_company_id_ec88c12b_fk_accounts_ FOREIGN KEY (company_id) REFERENCES public.accounts_core_company(id) DEFERRABLE INITIALLY DEFERRED;


--
-- Name: accounts_core_banktransactioninvoice accounts_core_banktr_invoice_id_466fe87e_fk_accounts_; Type: FK CONSTRAINT; Schema: public; Owner: sdishan
--

ALTER TABLE ONLY public.accounts_core_banktransactioninvoice
    ADD CONSTRAINT accounts_core_banktr_invoice_id_466fe87e_fk_accounts_ FOREIGN KEY (invoice_id) REFERENCES public.accounts_core_invoice(id) DEFERRABLE INITIALLY DEFERRED;


--
-- Name: accounts_core_bill accounts_core_bill_company_id_160bd30a_fk_accounts_; Type: FK CONSTRAINT; Schema: public; Owner: sdishan
--

ALTER TABLE ONLY public.accounts_core_bill
    ADD CONSTRAINT accounts_core_bill_company_id_160bd30a_fk_accounts_ FOREIGN KEY (company_id) REFERENCES public.accounts_core_company(id) DEFERRABLE INITIALLY DEFERRED;


--
-- Name: accounts_core_bill accounts_core_bill_vendor_id_2b6a7d46_fk_accounts_; Type: FK CONSTRAINT; Schema: public; Owner: sdishan
--

ALTER TABLE ONLY public.accounts_core_bill
    ADD CONSTRAINT accounts_core_bill_vendor_id_2b6a7d46_fk_accounts_ FOREIGN KEY (vendor_id) REFERENCES public.accounts_core_vendor(id) DEFERRABLE INITIALLY DEFERRED;


--
-- Name: accounts_core_billline accounts_core_billli_account_id_67241097_fk_accounts_; Type: FK CONSTRAINT; Schema: public; Owner: sdishan
--

ALTER TABLE ONLY public.accounts_core_billline
    ADD CONSTRAINT accounts_core_billli_account_id_67241097_fk_accounts_ FOREIGN KEY (account_id) REFERENCES public.accounts_core_account(id) DEFERRABLE INITIALLY DEFERRED;


--
-- Name: accounts_core_billline accounts_core_billli_bill_id_f2e561f6_fk_accounts_; Type: FK CONSTRAINT; Schema: public; Owner: sdishan
--

ALTER TABLE ONLY public.accounts_core_billline
    ADD CONSTRAINT accounts_core_billli_bill_id_f2e561f6_fk_accounts_ FOREIGN KEY (bill_id) REFERENCES public.accounts_core_bill(id) DEFERRABLE INITIALLY DEFERRED;


--
-- Name: accounts_core_billline accounts_core_billli_company_id_071f1d4b_fk_accounts_; Type: FK CONSTRAINT; Schema: public; Owner: sdishan
--

ALTER TABLE ONLY public.accounts_core_billline
    ADD CONSTRAINT accounts_core_billli_company_id_071f1d4b_fk_accounts_ FOREIGN KEY (company_id) REFERENCES public.accounts_core_company(id) DEFERRABLE INITIALLY DEFERRED;


--
-- Name: accounts_core_billline accounts_core_billli_item_id_e8213783_fk_accounts_; Type: FK CONSTRAINT; Schema: public; Owner: sdishan
--

ALTER TABLE ONLY public.accounts_core_billline
    ADD CONSTRAINT accounts_core_billli_item_id_e8213783_fk_accounts_ FOREIGN KEY (item_id) REFERENCES public.accounts_core_item(id) DEFERRABLE INITIALLY DEFERRED;


--
-- Name: accounts_core_company accounts_core_compan_default_currency_id_92b78262_fk_accounts_; Type: FK CONSTRAINT; Schema: public; Owner: sdishan
--

ALTER TABLE ONLY public.accounts_core_company
    ADD CONSTRAINT accounts_core_compan_default_currency_id_92b78262_fk_accounts_ FOREIGN KEY (default_currency_id) REFERENCES public.accounts_core_currency(code) DEFERRABLE INITIALLY DEFERRED;


--
-- Name: accounts_core_company accounts_core_compan_owner_id_45e5377b_fk_accounts_; Type: FK CONSTRAINT; Schema: public; Owner: sdishan
--

ALTER TABLE ONLY public.accounts_core_company
    ADD CONSTRAINT accounts_core_compan_owner_id_45e5377b_fk_accounts_ FOREIGN KEY (owner_id) REFERENCES public.accounts_core_user(id) DEFERRABLE INITIALLY DEFERRED;


--
-- Name: accounts_core_customer accounts_core_custom_company_id_c152a5b4_fk_accounts_; Type: FK CONSTRAINT; Schema: public; Owner: sdishan
--

ALTER TABLE ONLY public.accounts_core_customer
    ADD CONSTRAINT accounts_core_custom_company_id_c152a5b4_fk_accounts_ FOREIGN KEY (company_id) REFERENCES public.accounts_core_company(id) DEFERRABLE INITIALLY DEFERRED;


--
-- Name: accounts_core_customer accounts_core_custom_default_ar_account_i_3ea6735c_fk_accounts_; Type: FK CONSTRAINT; Schema: public; Owner: sdishan
--

ALTER TABLE ONLY public.accounts_core_customer
    ADD CONSTRAINT accounts_core_custom_default_ar_account_i_3ea6735c_fk_accounts_ FOREIGN KEY (default_ar_account_id) REFERENCES public.accounts_core_account(id) DEFERRABLE INITIALLY DEFERRED;


--
-- Name: accounts_core_entitymembership accounts_core_entity_company_id_32671fad_fk_accounts_; Type: FK CONSTRAINT; Schema: public; Owner: sdishan
--

ALTER TABLE ONLY public.accounts_core_entitymembership
    ADD CONSTRAINT accounts_core_entity_company_id_32671fad_fk_accounts_ FOREIGN KEY (company_id) REFERENCES public.accounts_core_company(id) DEFERRABLE INITIALLY DEFERRED;


--
-- Name: accounts_core_entitymembership accounts_core_entity_user_id_99cf2d55_fk_accounts_; Type: FK CONSTRAINT; Schema: public; Owner: sdishan
--

ALTER TABLE ONLY public.accounts_core_entitymembership
    ADD CONSTRAINT accounts_core_entity_user_id_99cf2d55_fk_accounts_ FOREIGN KEY (user_id) REFERENCES public.accounts_core_user(id) DEFERRABLE INITIALLY DEFERRED;


--
-- Name: accounts_core_fixedasset accounts_core_fixeda_account_id_7d7e00a9_fk_accounts_; Type: FK CONSTRAINT; Schema: public; Owner: sdishan
--

ALTER TABLE ONLY public.accounts_core_fixedasset
    ADD CONSTRAINT accounts_core_fixeda_account_id_7d7e00a9_fk_accounts_ FOREIGN KEY (account_id) REFERENCES public.accounts_core_account(id) DEFERRABLE INITIALLY DEFERRED;


--
-- Name: accounts_core_fixedasset accounts_core_fixeda_company_id_9cf72ac2_fk_accounts_; Type: FK CONSTRAINT; Schema: public; Owner: sdishan
--

ALTER TABLE ONLY public.accounts_core_fixedasset
    ADD CONSTRAINT accounts_core_fixeda_company_id_9cf72ac2_fk_accounts_ FOREIGN KEY (company_id) REFERENCES public.accounts_core_company(id) DEFERRABLE INITIALLY DEFERRED;


--
-- Name: accounts_core_fixedasset accounts_core_fixeda_vendor_id_de6c7cc2_fk_accounts_; Type: FK CONSTRAINT; Schema: public; Owner: sdishan
--

ALTER TABLE ONLY public.accounts_core_fixedasset
    ADD CONSTRAINT accounts_core_fixeda_vendor_id_de6c7cc2_fk_accounts_ FOREIGN KEY (vendor_id) REFERENCES public.accounts_core_vendor(id) DEFERRABLE INITIALLY DEFERRED;


--
-- Name: accounts_core_invoiceline accounts_core_invoic_account_id_55279a71_fk_accounts_; Type: FK CONSTRAINT; Schema: public; Owner: sdishan
--

ALTER TABLE ONLY public.accounts_core_invoiceline
    ADD CONSTRAINT accounts_core_invoic_account_id_55279a71_fk_accounts_ FOREIGN KEY (account_id) REFERENCES public.accounts_core_account(id) DEFERRABLE INITIALLY DEFERRED;


--
-- Name: accounts_core_invoice accounts_core_invoic_company_id_5da981b7_fk_accounts_; Type: FK CONSTRAINT; Schema: public; Owner: sdishan
--

ALTER TABLE ONLY public.accounts_core_invoice
    ADD CONSTRAINT accounts_core_invoic_company_id_5da981b7_fk_accounts_ FOREIGN KEY (company_id) REFERENCES public.accounts_core_company(id) DEFERRABLE INITIALLY DEFERRED;


--
-- Name: accounts_core_invoiceline accounts_core_invoic_company_id_61ce40d0_fk_accounts_; Type: FK CONSTRAINT; Schema: public; Owner: sdishan
--

ALTER TABLE ONLY public.accounts_core_invoiceline
    ADD CONSTRAINT accounts_core_invoic_company_id_61ce40d0_fk_accounts_ FOREIGN KEY (company_id) REFERENCES public.accounts_core_company(id) DEFERRABLE INITIALLY DEFERRED;


--
-- Name: accounts_core_invoice accounts_core_invoic_customer_id_80f4db11_fk_accounts_; Type: FK CONSTRAINT; Schema: public; Owner: sdishan
--

ALTER TABLE ONLY public.accounts_core_invoice
    ADD CONSTRAINT accounts_core_invoic_customer_id_80f4db11_fk_accounts_ FOREIGN KEY (customer_id) REFERENCES public.accounts_core_customer(id) DEFERRABLE INITIALLY DEFERRED;


--
-- Name: accounts_core_invoiceline accounts_core_invoic_invoice_id_8fffade1_fk_accounts_; Type: FK CONSTRAINT; Schema: public; Owner: sdishan
--

ALTER TABLE ONLY public.accounts_core_invoiceline
    ADD CONSTRAINT accounts_core_invoic_invoice_id_8fffade1_fk_accounts_ FOREIGN KEY (invoice_id) REFERENCES public.accounts_core_invoice(id) DEFERRABLE INITIALLY DEFERRED;


--
-- Name: accounts_core_invoiceline accounts_core_invoic_item_id_636bad9b_fk_accounts_; Type: FK CONSTRAINT; Schema: public; Owner: sdishan
--

ALTER TABLE ONLY public.accounts_core_invoiceline
    ADD CONSTRAINT accounts_core_invoic_item_id_636bad9b_fk_accounts_ FOREIGN KEY (item_id) REFERENCES public.accounts_core_item(id) DEFERRABLE INITIALLY DEFERRED;


--
-- Name: accounts_core_item accounts_core_item_company_id_6b27822e_fk_accounts_; Type: FK CONSTRAINT; Schema: public; Owner: sdishan
--

ALTER TABLE ONLY public.accounts_core_item
    ADD CONSTRAINT accounts_core_item_company_id_6b27822e_fk_accounts_ FOREIGN KEY (company_id) REFERENCES public.accounts_core_company(id) DEFERRABLE INITIALLY DEFERRED;


--
-- Name: accounts_core_item accounts_core_item_purchase_account_id_e13734da_fk_accounts_; Type: FK CONSTRAINT; Schema: public; Owner: sdishan
--

ALTER TABLE ONLY public.accounts_core_item
    ADD CONSTRAINT accounts_core_item_purchase_account_id_e13734da_fk_accounts_ FOREIGN KEY (purchase_account_id) REFERENCES public.accounts_core_account(id) DEFERRABLE INITIALLY DEFERRED;


--
-- Name: accounts_core_item accounts_core_item_sales_account_id_34e9f9dd_fk_accounts_; Type: FK CONSTRAINT; Schema: public; Owner: sdishan
--

ALTER TABLE ONLY public.accounts_core_item
    ADD CONSTRAINT accounts_core_item_sales_account_id_34e9f9dd_fk_accounts_ FOREIGN KEY (sales_account_id) REFERENCES public.accounts_core_account(id) DEFERRABLE INITIALLY DEFERRED;


--
-- Name: accounts_core_journalline accounts_core_journa_account_id_b58b6c50_fk_accounts_; Type: FK CONSTRAINT; Schema: public; Owner: sdishan
--

ALTER TABLE ONLY public.accounts_core_journalline
    ADD CONSTRAINT accounts_core_journa_account_id_b58b6c50_fk_accounts_ FOREIGN KEY (account_id) REFERENCES public.accounts_core_account(id) DEFERRABLE INITIALLY DEFERRED;


--
-- Name: accounts_core_journalline accounts_core_journa_bank_transaction_id_aa0afba7_fk_accounts_; Type: FK CONSTRAINT; Schema: public; Owner: sdishan
--

ALTER TABLE ONLY public.accounts_core_journalline
    ADD CONSTRAINT accounts_core_journa_bank_transaction_id_aa0afba7_fk_accounts_ FOREIGN KEY (bank_transaction_id) REFERENCES public.accounts_core_banktransaction(id) DEFERRABLE INITIALLY DEFERRED;


--
-- Name: accounts_core_journalline accounts_core_journa_bill_id_d2c69a88_fk_accounts_; Type: FK CONSTRAINT; Schema: public; Owner: sdishan
--

ALTER TABLE ONLY public.accounts_core_journalline
    ADD CONSTRAINT accounts_core_journa_bill_id_d2c69a88_fk_accounts_ FOREIGN KEY (bill_id) REFERENCES public.accounts_core_bill(id) DEFERRABLE INITIALLY DEFERRED;


--
-- Name: accounts_core_journalline accounts_core_journa_company_id_90546e00_fk_accounts_; Type: FK CONSTRAINT; Schema: public; Owner: sdishan
--

ALTER TABLE ONLY public.accounts_core_journalline
    ADD CONSTRAINT accounts_core_journa_company_id_90546e00_fk_accounts_ FOREIGN KEY (company_id) REFERENCES public.accounts_core_company(id) DEFERRABLE INITIALLY DEFERRED;


--
-- Name: accounts_core_journalentry accounts_core_journa_company_id_b1c5f7aa_fk_accounts_; Type: FK CONSTRAINT; Schema: public; Owner: sdishan
--

ALTER TABLE ONLY public.accounts_core_journalentry
    ADD CONSTRAINT accounts_core_journa_company_id_b1c5f7aa_fk_accounts_ FOREIGN KEY (company_id) REFERENCES public.accounts_core_company(id) DEFERRABLE INITIALLY DEFERRED;


--
-- Name: accounts_core_journalentry accounts_core_journa_created_by_id_8377b3be_fk_accounts_; Type: FK CONSTRAINT; Schema: public; Owner: sdishan
--

ALTER TABLE ONLY public.accounts_core_journalentry
    ADD CONSTRAINT accounts_core_journa_created_by_id_8377b3be_fk_accounts_ FOREIGN KEY (created_by_id) REFERENCES public.accounts_core_user(id) DEFERRABLE INITIALLY DEFERRED;


--
-- Name: accounts_core_journalline accounts_core_journa_currency_id_4684a406_fk_accounts_; Type: FK CONSTRAINT; Schema: public; Owner: sdishan
--

ALTER TABLE ONLY public.accounts_core_journalline
    ADD CONSTRAINT accounts_core_journa_currency_id_4684a406_fk_accounts_ FOREIGN KEY (currency_id) REFERENCES public.accounts_core_currency(code) DEFERRABLE INITIALLY DEFERRED;


--
-- Name: accounts_core_journalline accounts_core_journa_fixed_asset_id_beb9c768_fk_accounts_; Type: FK CONSTRAINT; Schema: public; Owner: sdishan
--

ALTER TABLE ONLY public.accounts_core_journalline
    ADD CONSTRAINT accounts_core_journa_fixed_asset_id_beb9c768_fk_accounts_ FOREIGN KEY (fixed_asset_id) REFERENCES public.accounts_core_fixedasset(id) DEFERRABLE INITIALLY DEFERRED;


--
-- Name: accounts_core_journalline accounts_core_journa_invoice_id_ac6cf3ca_fk_accounts_; Type: FK CONSTRAINT; Schema: public; Owner: sdishan
--

ALTER TABLE ONLY public.accounts_core_journalline
    ADD CONSTRAINT accounts_core_journa_invoice_id_ac6cf3ca_fk_accounts_ FOREIGN KEY (invoice_id) REFERENCES public.accounts_core_invoice(id) DEFERRABLE INITIALLY DEFERRED;


--
-- Name: accounts_core_journalline accounts_core_journa_journal_id_fee7722d_fk_accounts_; Type: FK CONSTRAINT; Schema: public; Owner: sdishan
--

ALTER TABLE ONLY public.accounts_core_journalline
    ADD CONSTRAINT accounts_core_journa_journal_id_fee7722d_fk_accounts_ FOREIGN KEY (journal_id) REFERENCES public.accounts_core_journalentry(id) DEFERRABLE INITIALLY DEFERRED;


--
-- Name: accounts_core_journalentry accounts_core_journa_period_id_b2af5cd1_fk_accounts_; Type: FK CONSTRAINT; Schema: public; Owner: sdishan
--

ALTER TABLE ONLY public.accounts_core_journalentry
    ADD CONSTRAINT accounts_core_journa_period_id_b2af5cd1_fk_accounts_ FOREIGN KEY (period_id) REFERENCES public.accounts_core_period(id) DEFERRABLE INITIALLY DEFERRED;


--
-- Name: accounts_core_period accounts_core_period_company_id_40236451_fk_accounts_; Type: FK CONSTRAINT; Schema: public; Owner: sdishan
--

ALTER TABLE ONLY public.accounts_core_period
    ADD CONSTRAINT accounts_core_period_company_id_40236451_fk_accounts_ FOREIGN KEY (company_id) REFERENCES public.accounts_core_company(id) DEFERRABLE INITIALLY DEFERRED;


--
-- Name: accounts_core_user accounts_core_user_default_company_id_ae21458b_fk_accounts_; Type: FK CONSTRAINT; Schema: public; Owner: sdishan
--

ALTER TABLE ONLY public.accounts_core_user
    ADD CONSTRAINT accounts_core_user_default_company_id_ae21458b_fk_accounts_ FOREIGN KEY (default_company_id) REFERENCES public.accounts_core_company(id) DEFERRABLE INITIALLY DEFERRED;


--
-- Name: accounts_core_user_groups accounts_core_user_g_user_id_209aa5cb_fk_accounts_; Type: FK CONSTRAINT; Schema: public; Owner: sdishan
--

ALTER TABLE ONLY public.accounts_core_user_groups
    ADD CONSTRAINT accounts_core_user_g_user_id_209aa5cb_fk_accounts_ FOREIGN KEY (user_id) REFERENCES public.accounts_core_user(id) DEFERRABLE INITIALLY DEFERRED;


--
-- Name: accounts_core_user_groups accounts_core_user_groups_group_id_199262d6_fk_auth_group_id; Type: FK CONSTRAINT; Schema: public; Owner: sdishan
--

ALTER TABLE ONLY public.accounts_core_user_groups
    ADD CONSTRAINT accounts_core_user_groups_group_id_199262d6_fk_auth_group_id FOREIGN KEY (group_id) REFERENCES public.auth_group(id) DEFERRABLE INITIALLY DEFERRED;


--
-- Name: accounts_core_user_user_permissions accounts_core_user_u_permission_id_79ea21ec_fk_auth_perm; Type: FK CONSTRAINT; Schema: public; Owner: sdishan
--

ALTER TABLE ONLY public.accounts_core_user_user_permissions
    ADD CONSTRAINT accounts_core_user_u_permission_id_79ea21ec_fk_auth_perm FOREIGN KEY (permission_id) REFERENCES public.auth_permission(id) DEFERRABLE INITIALLY DEFERRED;


--
-- Name: accounts_core_user_user_permissions accounts_core_user_u_user_id_07357388_fk_accounts_; Type: FK CONSTRAINT; Schema: public; Owner: sdishan
--

ALTER TABLE ONLY public.accounts_core_user_user_permissions
    ADD CONSTRAINT accounts_core_user_u_user_id_07357388_fk_accounts_ FOREIGN KEY (user_id) REFERENCES public.accounts_core_user(id) DEFERRABLE INITIALLY DEFERRED;


--
-- Name: accounts_core_vendor accounts_core_vendor_company_id_ec8eadd2_fk_accounts_; Type: FK CONSTRAINT; Schema: public; Owner: sdishan
--

ALTER TABLE ONLY public.accounts_core_vendor
    ADD CONSTRAINT accounts_core_vendor_company_id_ec8eadd2_fk_accounts_ FOREIGN KEY (company_id) REFERENCES public.accounts_core_company(id) DEFERRABLE INITIALLY DEFERRED;


--
-- Name: accounts_core_vendor accounts_core_vendor_default_ap_account_i_e04b63d5_fk_accounts_; Type: FK CONSTRAINT; Schema: public; Owner: sdishan
--

ALTER TABLE ONLY public.accounts_core_vendor
    ADD CONSTRAINT accounts_core_vendor_default_ap_account_i_e04b63d5_fk_accounts_ FOREIGN KEY (default_ap_account_id) REFERENCES public.accounts_core_account(id) DEFERRABLE INITIALLY DEFERRED;


--
-- Name: auth_group_permissions auth_group_permissio_permission_id_84c5c92e_fk_auth_perm; Type: FK CONSTRAINT; Schema: public; Owner: sdishan
--

ALTER TABLE ONLY public.auth_group_permissions
    ADD CONSTRAINT auth_group_permissio_permission_id_84c5c92e_fk_auth_perm FOREIGN KEY (permission_id) REFERENCES public.auth_permission(id) DEFERRABLE INITIALLY DEFERRED;


--
-- Name: auth_group_permissions auth_group_permissions_group_id_b120cbf9_fk_auth_group_id; Type: FK CONSTRAINT; Schema: public; Owner: sdishan
--

ALTER TABLE ONLY public.auth_group_permissions
    ADD CONSTRAINT auth_group_permissions_group_id_b120cbf9_fk_auth_group_id FOREIGN KEY (group_id) REFERENCES public.auth_group(id) DEFERRABLE INITIALLY DEFERRED;


--
-- Name: auth_permission auth_permission_content_type_id_2f476e4b_fk_django_co; Type: FK CONSTRAINT; Schema: public; Owner: sdishan
--

ALTER TABLE ONLY public.auth_permission
    ADD CONSTRAINT auth_permission_content_type_id_2f476e4b_fk_django_co FOREIGN KEY (content_type_id) REFERENCES public.django_content_type(id) DEFERRABLE INITIALLY DEFERRED;


--
-- Name: django_admin_log django_admin_log_content_type_id_c4bce8eb_fk_django_co; Type: FK CONSTRAINT; Schema: public; Owner: sdishan
--

ALTER TABLE ONLY public.django_admin_log
    ADD CONSTRAINT django_admin_log_content_type_id_c4bce8eb_fk_django_co FOREIGN KEY (content_type_id) REFERENCES public.django_content_type(id) DEFERRABLE INITIALLY DEFERRED;


--
-- Name: django_admin_log django_admin_log_user_id_c564eba6_fk_accounts_core_user_id; Type: FK CONSTRAINT; Schema: public; Owner: sdishan
--

ALTER TABLE ONLY public.django_admin_log
    ADD CONSTRAINT django_admin_log_user_id_c564eba6_fk_accounts_core_user_id FOREIGN KEY (user_id) REFERENCES public.accounts_core_user(id) DEFERRABLE INITIALLY DEFERRED;


--
-- Name: mv_trial_balance_running; Type: MATERIALIZED VIEW DATA; Schema: public; Owner: sdishan
--

REFRESH MATERIALIZED VIEW public.mv_trial_balance_running;


--
-- Name: mv_balance_sheet_running; Type: MATERIALIZED VIEW DATA; Schema: public; Owner: sdishan
--

REFRESH MATERIALIZED VIEW public.mv_balance_sheet_running;


--
-- Name: mv_jl_agg_period; Type: MATERIALIZED VIEW DATA; Schema: public; Owner: sdishan
--

REFRESH MATERIALIZED VIEW public.mv_jl_agg_period;


--
-- Name: mv_pl_period; Type: MATERIALIZED VIEW DATA; Schema: public; Owner: sdishan
--

REFRESH MATERIALIZED VIEW public.mv_pl_period;


--
-- Name: mv_trial_balance_period; Type: MATERIALIZED VIEW DATA; Schema: public; Owner: sdishan
--

REFRESH MATERIALIZED VIEW public.mv_trial_balance_period;


--
-- PostgreSQL database dump complete
--

\unrestrict L7YdbXlmlJd9wPe4yorlbLpSQ23oerULWpFZfab7ve3GawizW6HuENB4AGeywZ8

